drop table if exists Prenota;
drop table if exists Tavolo;
drop table if exists Cameriere;
drop table if exists Appartiene;
drop table if exists Ordinazione;
drop table if exists Cuoco;
drop table if exists Contiene;
drop table if exists Ingrediente;
drop table if exists Pizza;
drop table if exists Tessera;
drop table if exists Cliente;


create table Cliente (
    Mail            varchar (50)    primary key,
    Nome            varchar (50)    not null,
    Cognome         varchar (50)    not null,
    DataNascita     date            not null,
    NumeroTelefono  varchar(20)     not null     unique
);


create table Tessera (
    Cliente          varchar(50)   primary key, 
    DataIscrizione   date          not null,
    Punti            int           default 0     check (Punti >=0),
    foreign key (Cliente)    references Cliente(Mail)    on update cascade on delete cascade
);


create table Cameriere (
   IdCameriere     int           primary key,
   DataAssunzione  date          not null,
   Nome            varchar(20)   not null,
   Cognome         varchar(20)   not null,
   DataNascita     date          not null,
   Sesso           char(1)       not null     CHECK (Sesso IN ('M', 'F')),
   Telefono        varchar (20)  not null     unique,
   PagaOraria      decimal (4,2) not null     CHECK(PagaOraria>0),
   CHECK (DataNascita < DataAssunzione AND AGE(DataAssunzione, DataNascita) >= INTERVAL '18 years')
	
);


create table Cuoco (
   IdCuoco          int           primary key,
   DataAssunzione   date          not null,
   Nome             varchar(20)   not null,
   Cognome          varchar(20)   not null,
   DataNascita      date          not null,
   Sesso            char(1)       not null      CHECK (Sesso IN ('M', 'F')),
   Telefono         varchar(20)   not null      unique,
   PagaPerPizza     decimal (3,2) not null      CHECK(PagaPerPizza>0),
   PizzePerOra      int           not null      CHECK(PizzePerOra>0),
   CHECK (DataNascita < DataAssunzione AND AGE(DataAssunzione, DataNascita) >= INTERVAL '18 years')
);



create table Tavolo (
    NumeroTavolo    int            primary key,
    Posti           int            not null  check (posti>0),
    Sala            varchar (15)   not null, 
    Cameriere       int,
    foreign key (Cameriere)    references Cameriere(IdCameriere) on update set null on delete set null
);

create table Prenota (
    Ora           time,
    DataP          date,
    Mail_Cliente  varchar(50) not null,
    NumeroTavolo  int,
    primary key (Ora, DataP, NumeroTavolo),
    foreign key (Mail_Cliente) references Cliente(Mail)        on update cascade on delete cascade,
    foreign key (NumeroTavolo) references Tavolo(NumeroTavolo) on update cascade on delete cascade
);

create table Ingrediente (
    NomeIngrediente      varchar(20)  primary key,
    Surgelato            bool         not null,
    ValoreNutrizionale   int          not null      check (ValoreNutrizionale >=0),
    Disponibile          bool         not null
   
);

create table Pizza (
   NomePizza     varchar(20)   primary key,
   Vegetariana   bool          not null,
   Prezzo        decimal(5,2)  not null
);


create table Contiene (
   NomePizza        varchar(20),
   NomeIngrediente  varchar(20),
   primary key (NomePizza, NomeIngrediente),
   foreign key (NomePizza)       references Pizza(NomePizza)             on update cascade on delete cascade,
   foreign key (NomeIngrediente) references Ingrediente(NomeIngrediente) on update cascade on delete cascade
);



create table Ordinazione (
   IdOrdinazione    int         primary key,
   OraOrdinazione   time        not null,
   DataOrdinazione  date        not null,
   Mail_Cliente     varchar(50) not null,
   Cuoco            int         not null,
   foreign key (Cuoco)           references Cuoco(IdCuoco)    on update cascade on delete cascade,
   foreign key (Mail_Cliente)    references Cliente(Mail)     on update cascade on delete cascade
   
);



create table Appartiene (
   NomePizza       varchar(20),
   IdOrdinazione   int,
   quantita        int           not null    check (quantita >0),
   primary key (NomePizza, IdOrdinazione),   
   foreign key (NomePizza)       references Pizza(NomePizza)              on update cascade on delete cascade,
   foreign key (IdOrdinazione)   references Ordinazione(IdOrdinazione)    on update cascade on delete cascade
);


create index IndiceOrdinazione on Ordinazione (DataOrdinazione);


insert into Pizza (NomePizza, Prezzo, Vegetariana) values

('Marinara', 3.50, True),
('Margherita', 4, True),
('Prosciutto', 5, False),
('Viennese', 5, False),
('Diavola', 5, False),
('Napoli', 5, False),
('Funghi', 5, True),
('Pugliese', 5, True),
('Melanzane', 5, True),
('Zucchine', 5, True),
('Patatosa', 5.5, True),
('Gorgonzola', 5, True),
('Pomodorini', 5, True),
('Asparagi', 5, True),
('Mais', 5, True),
('Radicchio', 5, True),
('Salsiccia', 5, False),
('Ricotta e spinaci', 6, True),
('Prosciutto e funghi', 6, False),
('Tonno e cipolla', 6, False),
('Porchetta', 6, False),
('Porcini', 6, True),
('Chiodini', 6, True),
('Speck', 6, False),
('Crudo', 6, False),
('Bresaola', 6, False),
('Pancetta', 6, False),
('Wurstel e patatine', 6.5, False),
('Capricciosa', 6.5, False),
('Quattro stagioni', 7, False),
('Quattro formaggi', 6.5, True),
('Carbonara', 7, False),
('Parmigiana', 7, False),
('Sicilia', 6.5, False),
('Leggera', 6.5, True),
('Delicata', 7 , True),
('Demonio', 7, False),
('Cortigiana', 7, False),
('Prosciutto e mais', 6, False),
('Valtellina', 8, False),
('Contadina', 7, True),
('Noci e gorgonzola', 6.5, True),
('Brie e speck', 6.5, False),
('Cracker', 7, False),
('Gamberetti', 7, False),
('Misto mare', 8, False),
('Hawaiian', 12, True);



insert into Ingrediente (NomeIngrediente, Surgelato, ValoreNutrizionale, Disponibile) values

('Pomodoro', False, 4617, True),
('Mozzarella', False, 800, True),
('Aglio', False, 300, True),
('Origano', False, 300, True),
('Prosciutto crudo', False, 3045, True),
('Prosciutto cotto', False, 3045, True),
('Wurstel', False, 640, False),
('Salamino piccante', False, 600, False),
('Acciughe', False, 1111, True),
('Funghi', False, 9725, True),
('Cipolla', False, 8827, False),
('Melanzane', True, 2622, False),
('Zucchine', True, 6000, True),
('Patatine fritte', True, 6000, True),
('Gorgonzola', False, 600, False),
('Pomodorini', False, 800, True),
('Asparagi', False, 800, True),
('Mais', False, 800, True),
('Radicchio', True, 800, True),
('Salsiccia', False, 4586, False),
('Ricotta', False, 600, False),
('Spinaci', True, 2934, False),
('Tonno', False, 2622, False),
('Porchetta', False, 2622, True),
('Funghi porcini', False, 300, True),
('Funghi chiodini', False, 300, True),
('Speck', False, 300, True),
('Bresaola', False, 300, True),
('Pancetta', False, 300, True),
('Carciofi', False, 300, False),
('Olive nere', False, 9977, True),
('Formaggio stagionato', False, 600, False),
('Pecorino', False, 600, False),
('Uova', False, 3922, True),
('Grana', False, 3922, True),
('Capperi', False, 2934, False),
('Rucola', False, 30, True),
('Brie', False, 30, False),
('Piselli', True, 30, True),
('Noci', False, 40, True),
('Gamberetti', True, 842, True),
('Misto mare', True, 2934, False),
('Ananas', True, 300, True);


insert into Contiene ( NomePizza, NomeIngrediente) values
('Marinara', 'Pomodoro'),
('Marinara', 'Aglio'),
('Marinara', 'Origano'),

('Margherita', 'Pomodoro'),
('Margherita', 'Mozzarella'),

('Prosciutto', 'Pomodoro'),
('Prosciutto', 'Mozzarella'),
('Prosciutto', 'Prosciutto cotto'),

('Viennese', 'Pomodoro'),
('Viennese', 'Mozzarella'),
('Viennese', 'Wurstel'),

('Diavola', 'Pomodoro'),
('Diavola', 'Mozzarella'),
('Diavola', 'Salamino piccante'),

('Napoli', 'Pomodoro'),
('Napoli', 'Mozzarella'),
('Napoli', 'Acciughe'),

('Funghi', 'Pomodoro'),
('Funghi', 'Mozzarella'),
('Funghi', 'Funghi'),

('Pugliese', 'Pomodoro'),
('Pugliese', 'Mozzarella'),
('Pugliese', 'Cipolla'),

('Melanzane', 'Pomodoro'),
('Melanzane', 'Mozzarella'),
('Melanzane', 'Melanzane'),

('Zucchine', 'Pomodoro'),
('Zucchine', 'Mozzarella'),
('Zucchine', 'Zucchine'),

('Patatosa', 'Pomodoro'),
('Patatosa', 'Mozzarella'),
('Patatosa', 'Patatine fritte'),

('Gorgonzola', 'Pomodoro'),
('Gorgonzola', 'Mozzarella'),
('Gorgonzola', 'Gorgonzola'),

('Pomodorini', 'Pomodoro'),
('Pomodorini', 'Mozzarella'),
('Pomodorini', 'Pomodorini'),

('Asparagi', 'Pomodoro'),
('Asparagi', 'Mozzarella'),
('Asparagi', 'Asparagi'),

('Mais', 'Pomodoro'),
('Mais', 'Mozzarella'),
('Mais', 'Mais'),

('Radicchio', 'Pomodoro'),
('Radicchio', 'Mozzarella'),
('Radicchio', 'Radicchio'),

('Salsiccia', 'Pomodoro'),
('Salsiccia', 'Mozzarella'),
('Salsiccia', 'Salsiccia'),


('Ricotta e spinaci', 'Pomodoro'),
('Ricotta e spinaci', 'Mozzarella'),
('Ricotta e spinaci', 'Ricotta'),
('Ricotta e spinaci', 'Spinaci'),

('Prosciutto e funghi', 'Pomodoro'),
('Prosciutto e funghi', 'Mozzarella'),
('Prosciutto e funghi', 'Prosciutto cotto'),
('Prosciutto e funghi', 'Funghi'),

('Tonno e cipolla', 'Pomodoro'),
('Tonno e cipolla', 'Mozzarella'),
('Tonno e cipolla', 'Tonno'),
('Tonno e cipolla', 'Cipolla'),

('Porchetta', 'Pomodoro'),
('Porchetta', 'Mozzarella'),
('Porchetta', 'Porchetta'),

('Porcini', 'Pomodoro'),
('Porcini', 'Mozzarella'),
('Porcini', 'Funghi porcini'),

('Chiodini', 'Pomodoro'),
('Chiodini', 'Mozzarella'),
('Chiodini', 'Funghi chiodini'),

('Speck', 'Pomodoro'),
('Speck', 'Mozzarella'),
('Speck', 'Speck'),

('Crudo', 'Pomodoro'),
('Crudo', 'Mozzarella'),
('Crudo', 'Prosciutto crudo'),

('Bresaola', 'Pomodoro'),
('Bresaola', 'Mozzarella'),
('Bresaola', 'Bresaola'),

('Pancetta', 'Pomodoro'),
('Pancetta', 'Mozzarella'),
('Pancetta', 'Pancetta'),

('Wurstel e patatine', 'Pomodoro'),
('Wurstel e patatine', 'Mozzarella'),
('Wurstel e patatine', 'Patatine fritte'),
('Wurstel e patatine', 'Wurstel'),

('Capricciosa', 'Pomodoro'),
('Capricciosa', 'Mozzarella'),
('Capricciosa', 'Prosciutto cotto'),
('Capricciosa', 'Funghi'),
('Capricciosa', 'Carciofi'),

('Quattro stagioni', 'Pomodoro'),
('Quattro stagioni', 'Mozzarella'),
('Quattro stagioni', 'Prosciutto cotto'),
('Quattro stagioni', 'Funghi'),
('Quattro stagioni', 'Carciofi'),
('Quattro stagioni', 'Olive nere'),


('Quattro formaggi', 'Pomodoro'),
('Quattro formaggi', 'Formaggio stagionato'),
('Quattro formaggi', 'Pecorino'),
('Quattro formaggi', 'Ricotta'),
('Quattro formaggi', 'Gorgonzola'),

('Carbonara', 'Pomodoro'),
('Carbonara', 'Mozzarella'),
('Carbonara', 'Pancetta'),
('Carbonara', 'Grana'),
('Carbonara', 'Uova'),

('Parmigiana', 'Pomodoro'),
('Parmigiana', 'Mozzarella'),
('Parmigiana', 'Melanzane'),
('Parmigiana', 'Pancetta'),
('Parmigiana', 'Grana'),

('Sicilia', 'Pomodoro'),
('Sicilia', 'Mozzarella'),
('Sicilia', 'Capperi'),
('Sicilia', 'Acciughe'),
('Sicilia', 'Olive nere'),

('Leggera', 'Pomodoro'),
('Leggera', 'Mozzarella'),
('Leggera', 'Pomodorini'),
('Leggera', 'Rucola'),
('Leggera', 'Grana'),

('Delicata', 'Pomodoro'),
('Delicata', 'Mozzarella'),
('Delicata', 'Funghi chiodini'),
('Delicata', 'Carciofi'),
('Delicata', 'Brie'),

('Demonio', 'Pomodoro'),
('Demonio', 'Mozzarella'),
('Demonio', 'Salamino piccante'),
('Demonio', 'Acciughe'),
('Demonio', 'Olive nere'),

('Cortigiana', 'Pomodoro'),
('Cortigiana', 'Mozzarella'),
('Cortigiana', 'Melanzane'),
('Cortigiana', 'Salsiccia'),
('Cortigiana', 'Gorgonzola'),

('Prosciutto e mais', 'Pomodoro'),
('Prosciutto e mais', 'Mozzarella'),
('Prosciutto e mais', 'Prosciutto crudo'),
('Prosciutto e mais', 'Mais'),

('Valtellina', 'Pomodoro'),
('Valtellina', 'Mozzarella'),
('Valtellina', 'Bresaola'),
('Valtellina', 'Rucola'),
('Valtellina', 'Grana'),

('Contadina', 'Pomodoro'),
('Contadina', 'Mozzarella'),
('Contadina', 'Radicchio'),
('Contadina', 'Spinaci'),
('Contadina', 'Piselli'),


('Noci e gorgonzola', 'Mozzarella'),
('Noci e gorgonzola', 'Noci'),
('Noci e gorgonzola', 'Gorgonzola'),

('Brie e speck', 'Mozzarella'),
('Brie e speck', 'Brie'),
('Brie e speck', 'Speck'),

('Gamberetti', 'Pomodoro'),
('Gamberetti', 'Mozzarella'),
('Gamberetti', 'Gamberetti'),


('Misto mare', 'Pomodoro'),
('Misto mare', 'Mozzarella'),
('Misto mare', 'Misto mare'),


('Hawaiian', 'Pomodoro'),
('Hawaiian', 'Mozzarella'),
('Hawaiian', 'Ananas');

insert into Cliente (Mail, Nome, Cognome, DataNascita, NumeroTelefono) values

('anita.fratelli@gmail.com', 'Anita', 'Fratelli', '2013-03-22', '4382587480'),
('marco.russo@gmail.com', 'Marco', 'Russo', '1955-10-10', '2705232007'),
('luca.moretti@hotmail.com', 'Luca', 'Moretti', '2016-01-06', '9844279064'),
('giorgio.franco@libero.it', 'Giorgio', 'Franco', '1964-08-11', '7894238958'),
('damiano.rossi@libero.it', 'Damiano', 'Rossi', '1961-11-05', '4163039574'),
('amelia.fontana@libero.it', 'Amelia', 'Fontana', '1984-07-11', '1667933616'),
('ambra.villa@gmail.com', 'Ambra', 'Villa', '1998-09-27', '0673785383'),
('diana.franco@hotmail.com', 'Diana', 'Franco', '1971-04-19', '0666419807'),
('nicola.giordano@hotmail.com', 'Nicola', 'Giordano', '1952-10-08', '4044905656'),
('marta.marino@gmail.com', 'Marta', 'Marino', '1973-03-10', '9345062304'),
('carlotta.rinaldi@hotmail.com', 'Carlotta', 'Rinaldi', '2013-11-12', '4439726165'),
('asia.bruno@hotmail.com', 'Asia', 'Bruno', '1991-11-17', '3061666942'),
('elia.conti@hotmail.com', 'Elia', 'Conti', '1968-12-23', '4561318125'),
('nathan.franco@hotmail.com', 'Nathan', 'Franco', '1971-07-14', '9294317513'),
('alessio.caruso@hotmail.com', 'Alessio', 'Caruso', '1964-06-07', '5791006517'),
('michele.mancini@libero.it', 'Michele', 'Mancini', '2006-08-26', '1710765403'),
('noah.villa@hotmail.com', 'Noah', 'Villa', '1969-03-14', '5690114082'),
('margherita.conti@gmail.com', 'Margherita', 'Conti', '1970-11-05', '3699794107'),
('gioia.gallo@hotmail.com', 'Gioia', 'Gallo', '1986-11-09', '2001145805'),
('jacopo.barbieri@libero.it', 'Jacopo', 'Barbieri', '1974-05-23', '1148326897'),
('alessia.villa@libero.it', 'Alessia', 'Villa', '1998-09-01', '1098656655'),
('miriam.gallo@gmail.com', 'Miriam', 'Gallo', '1971-10-02', '7832236631'),
('luigi.leone@gmail.com', 'Luigi', 'Leone', '1952-12-07', '4690261088'),
('ettore.caruso@hotmail.com', 'Ettore', 'Caruso', '1949-12-24', '7683628771'),
('daniele.moretti@hotmail.com', 'Daniele', 'Moretti', '1948-01-28', '6204312548'),
('ambra.villa@hotmail.com', 'Ambra', 'Villa', '2016-10-15', '9613003753'),
('luigi.mariani@libero.it', 'Luigi', 'Mariani', '1963-01-25', '0138015717'),
('anita.moretti@gmail.com', 'Anita', 'Moretti', '1957-11-15', '3001429832'),
('ambra.franco@libero.it', 'Ambra', 'Franco', '1937-02-15', '1288584924'),
('nina.leone@hotmail.com', 'Nina', 'Leone', '2009-01-19', '1931259947'),
('daniel.marino@hotmail.com', 'Daniel', 'Marino', '1984-12-02', '7827051905'),
('aurora.amato@hotmail.com', 'Aurora', 'Amato', '1938-12-20', '3610400438'),
('luigi.esposito@hotmail.com', 'Luigi', 'Esposito', '1977-06-03', '5607395534'),
('francesca.rizzo@hotmail.com', 'Francesca', 'Rizzo', '1943-01-12', '4321079384'),
('luca.romano@libero.it', 'Luca', 'Romano', '1937-08-05', '7508991658'),
('luca.russo@libero.it', 'Luca', 'Russo', '1934-07-20', '1486391219'),
('cecilia.ferrara@libero.it', 'Cecilia', 'Ferrara', '1992-02-04', '1933863803'),
('elena.ferrara@gmail.com', 'Elena', 'Ferrara', '1981-01-19', '9451492984'),
('liam.fontana@hotmail.com', 'Liam', 'Fontana', '1938-10-08', '6614234346'),
('thomas.franco@hotmail.com', 'Thomas', 'Franco', '1951-08-12', '4953353950'),
('francesca.bruno@libero.it', 'Francesca', 'Bruno', '1991-10-23', '5317300093'),
('diletta.amato@hotmail.com', 'Diletta', 'Amato', '1963-09-06', '4998059918'),
('maria.ricci@libero.it', 'Maria', 'Ricci', '1999-01-22', '9536904848'),
('diana.villa@gmail.com', 'Diana', 'Villa', '1982-05-27', '9564204359'),
('thomas.esposito@libero.it', 'Thomas', 'Esposito', '2012-11-03', '0818614861'),
('nathan.barbieri@gmail.com', 'Nathan', 'Barbieri', '2008-04-11', '0984479533'),
('manuel.conti@hotmail.com', 'Manuel', 'Conti', '1994-05-04', '0280302875'),
('asia.villa@libero.it', 'Asia', 'Villa', '1963-10-02', '5655032187'),
('anita.martino@libero.it', 'Anita', 'Martino', '1948-03-21', '2886720088'),
('alessia.rinaldi@libero.it', 'Alessia', 'Rinaldi', '1940-05-10', '6451849981');



insert into Tessera (Cliente, DataIscrizione, Punti) values

('giorgio.franco@libero.it', '2018-04-07', 951),
('damiano.rossi@libero.it', '2011-03-10', 693),
('amelia.fontana@libero.it', '2019-01-18', 208),
('ambra.villa@gmail.com', '2015-02-01', 204),
('diana.franco@hotmail.com', '2017-12-10', 795),
('nicola.giordano@hotmail.com', '2016-04-22', 878),
('marta.marino@gmail.com', '2022-09-12', 392),
('carlotta.rinaldi@hotmail.com', '2011-03-29', 144),
('asia.bruno@hotmail.com', '2012-09-19', 528),
('elia.conti@hotmail.com', '2021-09-24', 14),
('nathan.franco@hotmail.com', '2022-04-29', 646),
('alessio.caruso@hotmail.com', '2014-03-26', 25),
('michele.mancini@libero.it', '2014-11-11', 863),
('noah.villa@hotmail.com', '2020-08-24', 266),
('margherita.conti@gmail.com', '2019-12-22', 883),
('gioia.gallo@hotmail.com', '2018-10-29', 702),
('jacopo.barbieri@libero.it', '2021-01-19', 992),
('alessia.villa@libero.it', '2019-09-24', 712),
('miriam.gallo@gmail.com', '2015-06-04', 368),
('luigi.leone@gmail.com', '2020-10-19', 303),
('ettore.caruso@hotmail.com', '2014-11-18', 266),
('daniele.moretti@hotmail.com', '2022-10-10', 165),
('ambra.villa@hotmail.com', '2019-02-09', 263),
('luigi.mariani@libero.it', '2015-11-08', 622),
('anita.moretti@gmail.com', '2020-10-17', 443),
('ambra.franco@libero.it', '2011-09-25', 796),
('nina.leone@hotmail.com', '2021-09-13', 346),
('daniel.marino@hotmail.com', '2017-06-07', 528),
('aurora.amato@hotmail.com', '2011-03-23', 659),
('luigi.esposito@hotmail.com', '2010-02-21', 863),
('francesca.rizzo@hotmail.com', '2015-11-13', 379),
('maria.ricci@libero.it', '2011-08-30', 886),
('diana.villa@gmail.com', '2022-05-21', 349),
('thomas.esposito@libero.it', '2016-06-09', 388),
('nathan.barbieri@gmail.com', '2018-11-07', 769),
('manuel.conti@hotmail.com', '2010-02-05', 642),
('asia.villa@libero.it', '2013-11-21', 471),
('anita.martino@libero.it', '2018-08-07', 340),
('alessia.rinaldi@libero.it', '2017-07-13', 124);



insert into Tessera (Cliente, DataIscrizione) values
('anita.fratelli@gmail.com', '2014-09-16'),
('marco.russo@gmail.com', '2020-12-01'),
('luca.moretti@hotmail.com', '2016-03-08');





insert into Cameriere (IdCameriere,Nome, Cognome, DataAssunzione, DataNascita, Sesso, Telefono, PagaOraria) values

(922478, 'Pietro', 'Rocca', '2018-10-31', '1993-12-31', 'M', '3160084514', 9.96),
(906613, 'Matteo', 'Giorgi', '2012-11-27', '1990-04-10', 'M', '3605504407', 14.46),
(849113, 'Sofia', 'Giorgi', '2017-05-13', '1960-06-26', 'F', '7999479713', 16.21),
(207600, 'Leonardo', 'Benedetti', '2023-08-02', '1976-07-25', 'M', '7240720863', 13.55),
(992375, 'Alessandro', 'Lombardi', '2013-01-14', '1966-04-03', 'M', '0097638196', 19.15),
(155572, 'Gabriel', 'Piazza', '2022-11-28', '1998-10-01', 'M', '3458131979', 7.41),
(574865, 'Bianca', 'Grassi', '2019-10-24', '1977-11-24', 'F', '3259967448', 10.36),
(170147, 'Vittoria', 'Sanna', '2015-10-12', '1967-07-13', 'F', '0805711939', 9.88),
(859817, 'Azzurra', 'Marchi', '2021-04-24', '1987-07-23', 'F', '4482163899', 9.72),
(528689, 'Andrea', 'Poli', '2020-05-25', '1953-03-09', 'M', '2988494985', 15.83),
(281137, 'Antonio', 'Santis', '2022-01-05', '1997-11-08', 'M', '6120665788', 7.21),
(944410, 'Sara', 'Massimo', '2022-09-25', '1996-11-02', 'F', '2044824940', 12.98),
(997257, 'Michele', 'Morelli', '2014-09-09', '1973-03-22', 'M', '7453507239', 9.76),
(853886, 'Mia', 'Benedetti', '2017-09-29', '1957-03-26', 'F', '8556564172', 10.78),
(566818, 'Mattia', 'Lombardi', '2013-11-19', '1952-12-16', 'M', '2468367881', 13.59),
(595713, 'Edoardo', 'Morelli', '2018-08-14', '1998-04-28', 'M', '5708692066', 14.09),
(143204, 'Federico', 'Cattaneo', '2020-02-11', '1976-02-18', 'M', '0630163261', 11.5),
(438956, 'Nicole', 'Agostino', '2018-11-13', '1997-09-29', 'F', '0812976196', 12.29),
(270138, 'Bianca', 'Palumbo', '2021-02-25', '1976-12-23', 'F', '8675047341', 19.29),
(956326, 'Mario', 'De Luca', '2019-04-17', '1952-06-26', 'M', '2929461492', 14.37),
(354903, 'Sofia', 'Farina', '2012-08-26', '1951-08-07', 'F', '5929356979', 10.56),
(754495, 'Nicole', 'Angelis', '2011-04-02', '1968-10-09', 'F', '2083054833', 7.63),
(209826, 'Enea', 'Paola', '2012-09-02', '1985-12-01', 'M', '2434603338', 13.26),
(668141, 'Antonio', 'Agostino', '2023-10-01', '1951-12-29', 'M', '9471327170', 14.7),
(550905, 'Isabel', 'Rizzi', '2015-08-10', '1970-05-12', 'F', '8506827776', 17.98),
(594866, 'Mia', 'Pellegrino', '2014-07-29', '1957-02-07', 'F', '2151476451', 10.34),
(808430, 'Emma', 'Mazza', '2017-01-15', '1965-04-03', 'F', '4510385966', 18.17),
(851409, 'Aurora', 'Farina', '2016-11-08', '1984-10-15', 'F', '8741752468', 10.67),
(963027, 'Greta', 'Coppola', '2018-10-18', '1981-11-14', 'F', '2516691690', 12.27),
(817527, 'Azzurra', 'Coppola', '2023-01-27', '1987-06-28', 'F', '6601769786', 12.85),
(893535, 'Mattia', 'Piazza', '2012-05-15', '1972-08-31', 'M', '0310355908', 16.81),
(320289, 'Diego', 'Monti', '2017-06-13', '1997-11-18', 'M', '1996701969', 9.69),
(341442, 'Greta', 'Soc', '2017-12-22', '1973-04-21', 'F', '9112977435', 9.23),
(993477, 'Alessandro', 'Paola', '2021-01-23', '1954-08-23', 'M', '6286321912', 10.13),
(928749, 'Viola', 'Valentini', '2013-07-16', '1982-09-23', 'F', '9219400989', 17.59),
(999100, 'Rebecca', 'Valentini', '2013-12-19', '1956-08-19', 'F', '9049751293', 18.55),
(965649, 'Andrea', 'Testa', '2013-07-27', '1964-03-05', 'M', '1617821417', 7.84),
(617402, 'Azzurra', 'Cattaneo', '2020-11-13', '1990-07-17', 'F', '7942848017', 7.8),
(759925, 'Diego', 'Michele', '2014-01-10', '1971-05-22', 'M', '8481977192', 7.1),
(599818, 'Giulia', 'Vitale', '2011-01-24', '1969-02-05', 'F', '1084430272', 11.13),
(444387, 'Gabriel', 'Cattaneo', '2022-11-08', '2002-02-09', 'M', '4037850453', 13.43),
(809661, 'Emma', 'Grassi', '2017-03-27', '1990-10-14', 'F', '7672657208', 16.89),
(687438, 'Michele', 'Lombardi', '2022-11-05', '2003-09-27', 'M', '0217636811', 12.31),
(759791, 'Greta', 'Rocca', '2019-01-25', '1956-12-24', 'F', '6040699506', 16.33),
(852836, 'Rebecca', 'Testa', '2010-08-16', '1988-08-31', 'F', '8851653858', 13.44),
(234912, 'Gaia', 'Vitale', '2011-07-29', '1984-10-27', 'F', '9871120202', 14.35),
(757318, 'Giovanni', 'Sanna', '2018-12-17', '1965-10-05', 'M', '1293692313', 19.13),
(134370, 'Gioele', 'Piazza', '2012-08-08', '1988-05-18', 'M', '2943399124', 12.61),
(865126, 'Anna', 'Mazza', '2019-07-20', '1998-08-13', 'F', '2040373129', 13.55),
(857610, 'Gioele', 'Testa', '2010-03-24', '1990-09-19', 'M', '5337514135', 12.97);



insert into Cuoco(IdCuoco,Nome, Cognome, DataAssunzione, DataNascita, Sesso, Telefono, PagaPerPizza, PizzePerOra) values

(180811, 'Leonardo', 'Lombardo', '2016-11-05', '1966-05-06', 'M', '2226325234', 0.43, 27),
(281631, 'Noemi', 'Pasquale', '2017-07-27', '1998-11-13', 'F', '8896282306', 1.06, 11),
(134524, 'Giorgia', 'Angelis', '2021-01-06', '1972-07-08', 'F', '1103714930', 0.93, 15),
(935000, 'Greta', 'Rizzi', '2016-06-29', '1958-07-29', 'F', '1983419750', 0.7, 24),
(996539, 'Mia', 'Giorgi', '2020-11-02', '1964-07-09', 'F', '2205647695', 0.83, 24),
(683217, 'Beatrice', 'Pellegrini', '2020-08-31', '1991-12-09', 'F', '9074585979', 0.25, 21),
(310509, 'Nicola', 'Pellegrini', '2013-08-03', '1960-01-16', 'M', '0435868849', 1.24, 23),
(986206, 'Ginevra', 'Piazza', '2015-08-29', '1987-04-19', 'F', '1606295449', 0.87, 26),
(909700, 'Chiara', 'Pellegrino', '2020-09-04', '1991-11-24', 'F', '5018096493', 0.23, 18),
(422047, 'Anna', 'Piazza', '2010-05-31', '1972-02-20', 'F', '1768477127', 0.97, 29),
(799377, 'Lorenzo', 'Massimo', '2013-07-05', '1976-06-14', 'M', '8288065685', 1.11, 21),
(598983, 'Anna', 'Mazza', '2016-09-21', '1977-02-07', 'F', '5094941630', 0.13, 16),
(209713, 'Aurora', 'Grassi', '2012-10-13', '1973-01-08', 'F', '9296627523', 0.43, 15),
(430270, 'Emma', 'Mazza', '2013-05-10', '1981-09-02', 'F', '4427006961', 1.65, 18),
(747704, 'Camilla', 'Mazza', '2020-03-27', '2000-12-08', 'F', '2377630666', 0.55, 5),
(919477, 'Isabel', 'Vitale', '2022-09-27', '1985-09-20', 'F', '3287056371', 0.84, 5),
(679996, 'Nicole', 'Agostino', '2012-09-17', '1964-08-20', 'M', '4335345438', 1.08, 28),
(426189, 'Bianca', 'Rocca', '2017-07-26', '1968-09-20', 'F', '1429755993', 0.6, 19),
(263691, 'Tommaso', 'Bernardi', '2023-05-10', '1995-03-03', 'M', '4454061944', 1.41, 26),
(251670, 'Matteo', 'Riva', '2016-10-26', '1952-08-02', 'M', '7319728253', 1.42, 18),
(116864, 'Greta', 'Angelis', '2012-10-25', '1971-07-11', 'F', '9251888177', 0.48, 6),
(417960, 'Andrea', 'Testa', '2018-10-15', '1962-06-29', 'M', '6671283693', 1.73, 28),
(227297, 'Lorenzo', 'Cattaneo', '2012-08-23', '1974-06-23', 'M', '7478943322', 1.72, 10),
(132366, 'Nicole', 'Massimo', '2010-12-16', '1962-09-11', 'F', '8763960820', 1.42, 10),
(462956, 'Paolo', 'Silvestri', '2020-08-08', '2001-09-10', 'M', '0345627992', 1.51, 5),
(610737, 'Giulia', 'Cattaneo', '2018-11-19', '1994-11-27', 'F', '9608534017', 0.53, 10),
(502650, 'Francesca', 'Mazza', '2012-11-07', '1992-11-24', 'F', '0215490884', 2.0, 19),
(117471, 'Tommaso', 'Pasquale', '2010-12-04', '1965-11-22', 'M', '5083231970', 0.67, 12),
(310935, 'Sara', 'Ferraro', '2010-09-25', '1967-01-24', 'F', '7976529076', 0.33, 16),
(751144, 'Chloe', 'Massimo', '2022-10-30', '1991-04-12', 'F', '5473639033', 0.62, 7),
(833706, 'Lorenzo', 'Michele', '2018-06-27', '1979-09-16', 'M', '3594110794', 1.32, 19),
(712187, 'Gabriele', 'Testa', '2015-11-10', '1970-02-12', 'M', '0822438838', 1.66, 6),
(828852, 'Emma', 'Piazza', '2021-09-24', '1971-09-01', 'F', '7259422705', 1.91, 24),
(411971, 'Marco', 'Benedetti', '2021-01-23', '1991-11-12', 'M', '1046349562', 1.07, 10),
(512951, 'Chloe', 'Santis', '2021-02-15', '1972-02-24', 'F', '9832566189', 0.66, 28),
(542541, 'Sofia', 'Palumbo', '2020-03-12', '1966-05-20', 'F', '5011716119', 1.55, 8),
(153362, 'Andrea', 'Monti', '2020-07-03', '1984-10-27', 'M', '7060956292', 0.66, 29),
(657146, 'Nicole', 'Angelis', '2017-07-07', '1958-06-09', 'F', '9769415608', 1.35, 30),
(244945, 'Matteo', 'Poli', '2020-05-29', '1969-11-14', 'M', '6126817005', 0.93, 24),
(496038, 'Alice', 'Bernardi', '2015-03-15', '1991-09-08', 'F', '1483746018', 1.07, 13),
(612664, 'Federico', 'De Luca', '2013-01-24', '1992-05-12', 'M', '2449904925', 0.52, 29),
(757956, 'Matilde', 'Michele', '2020-10-26', '1975-05-09', 'F', '0032547076', 0.84, 8),
(234987, 'Vittoria', 'Giorgi', '2022-08-27', '1964-08-05', 'F', '8225528876', 1.89, 9),
(257567, 'Martina', 'Silvestri', '2020-02-07', '1975-02-21', 'F', '4519812633', 1.07, 13),
(778837, 'Rebecca', 'Pellegrini', '2022-02-27', '1960-04-28', 'F', '9432903786', 0.4, 25),
(255348, 'Mia', 'Michele', '2015-12-12', '1991-03-30', 'F', '0652735990', 0.24, 19),
(330511, 'Elena', 'Pellegrini', '2013-01-14', '1975-02-07', 'F', '8899367744', 0.82, 19),
(964901, 'Giulia', 'Coppola', '2012-07-30', '1962-03-01', 'F', '9990797118', 0.93, 15),
(748162, 'Matilde', 'Riva', '2020-04-08', '1953-10-20', 'F', '4167702111', 1.51, 12),
(519828, 'Mattia', 'Morelli', '2013-02-13', '1957-06-12', 'M', '4706131769', 1.62, 27);



insert into Tavolo(NumeroTavolo, Posti, Sala, Cameriere) values

(1, 13, 'blu', 757318),
(2, 15, 'verde', 207600),
(3, 8, 'nero', 209826),
(4, 18, 'grigia', 944410),
(5, 12, 'blu', 594866),
(6, 6, 'rossa', 438956),
(7, 9, 'arancione', 444387),
(8, 4, 'rosa', 817527),
(9, 6, 'verde', 852836),
(10, 13, 'giallo', 354903),
(11, 6, 'verde', 963027),
(12, 19, 'blu', 566818),
(13, 8, 'arancione', 849113),
(14, 18, 'rossa', 444387),
(15, 20, 'rossa', 849113),
(16, 3, 'grigia', 851409),
(17, 14, 'rossa', 594866),
(18, 20, 'blu', 354903),
(19, 4, 'rossa', 999100),
(20, 5, 'rosa', 354903),
(21, 11, 'blu', 865126),
(22, 13, 'rossa', 595713),
(23, 20, 'verde', 857610),
(24, 5, 'rossa', 809661),
(25, 3, 'giallo', 852836),
(26, 19, 'bianca', 341442),
(27, 7, 'grigia', 851409),
(28, 3, 'rossa', 849113),
(29, 7, 'verde', 320289),
(30, 2, 'rossa', 155572),
(31, 14, 'rossa', 599818),
(32, 20, 'blu', 857610),
(33, 13, 'rossa', 857610),
(34, 3, 'grigia', 853886),
(35, 3, 'rosa', 999100),
(36, 8, 'verde', 320289),
(37, 8, 'blu', 853886),
(38, 14, 'grigia', 893535),
(39, 14, 'giallo', 857610),
(40, 9, 'bianca', 809661),
(41, 4, 'verde', 922478),
(42, 7, 'blu', 617402),
(43, 3, 'verde', 209826),
(44, 12, 'verde', 965649),
(45, 12, 'giallo', 155572),
(46, 19, 'giallo', 963027),
(47, 7, 'nero', 859817),
(48, 5, 'verde', 444387),
(49, 18, 'giallo', 759791),
(50, 19, 'rossa', 963027),
(51, 20, 'arancione', 965649),
(52, 2, 'grigia', 550905),
(53, 12, 'rossa', 270138),
(54, 19, 'arancione', 808430),
(55, 16, 'blu', 528689),
(56, 6, 'blu', 992375),
(57, 3, 'blu', 997257),
(58, 2, 'blu', 849113),
(59, 14, 'bianca', 354903),
(60, 6, 'bianca', 992375),
(61, 20, 'verde', 906613),
(62, 3, 'verde', 965649),
(63, 8, 'rosa', 438956),
(64, 12, 'verde', 965649),
(65, 15, 'verde', 170147),
(66, 6, 'giallo', 617402),
(67, 6, 'grigia', 893535),
(68, 14, 'blu', 809661),
(69, 2, 'grigia', 857610),
(70, 14, 'nero', 320289),
(71, 2, 'giallo', 859817),
(72, 20, 'rosa', 617402),
(73, 16, 'giallo', 893535),
(74, 15, 'giallo', 993477),
(75, 10, 'arancione', 668141),
(76, 16, 'verde', 341442),
(77, 12, 'rosa', 599818),
(78, 2, 'blu', 550905),
(79, 16, 'blu', 865126),
(80, 12, 'verde', 170147),
(81, 4, 'grigia', 853886),
(82, 12, 'rossa', 281137),
(83, 9, 'grigia', 853886),
(84, 14, 'rossa', 893535),
(85, 18, 'arancione', 808430),
(86, 10, 'rosa', 757318),
(87, 17, 'nero', 759791),
(88, 4, 'arancione', 817527),
(89, 5, 'verde', 617402),
(90, 12, 'arancione', 438956),
(91, 9, 'rossa', 170147),
(92, 4, 'verde', 207600),
(93, 3, 'arancione', 817527),
(94, 12, 'giallo', 566818),
(95, 12, 'bianca', 341442),
(96, 13, 'verde', 906613),
(97, 19, 'blu', 922478),
(98, 8, 'bianca', 354903),
(99, 8, 'rossa', 928749),
(100, 3, 'grigia', 944410),
(101, 16, 'arancione', 207600),
(102, 9, 'giallo', 963027),
(103, 4, 'rosa', 808430),
(104, 2, 'rosa', 956326),
(105, 20, 'grigia', 922478),
(106, 6, 'rosa', 574865),
(107, 11, 'rosa', 444387),
(108, 19, 'giallo', 809661),
(109, 15, 'blu', 853886),
(110, 2, 'giallo', 817527),
(111, 14, 'bianca', 754495),
(112, 6, 'rossa', 599818),
(113, 8, 'blu', 550905),
(114, 16, 'nero', 992375),
(115, 5, 'giallo', 944410),
(116, 5, 'nero', 759925),
(117, 12, 'rosa', 893535),
(118, 15, 'rossa', 270138),
(119, 8, 'verde', 857610),
(120, 9, 'verde', 668141),
(121, 16, 'blu', 687438),
(122, 6, 'giallo', 922478),
(123, 6, 'verde', 759925),
(124, 14, 'bianca', 817527),
(125, 16, 'verde', 438956),
(126, 15, 'grigia', 993477),
(127, 11, 'bianca', 906613),
(128, 4, 'bianca', 759925),
(129, 14, 'giallo', 853886),
(130, 11, 'nero', 444387),
(131, 13, 'rosa', 759925),
(132, 5, 'nero', 270138),
(133, 15, 'verde', 550905),
(134, 2, 'nero', 857610),
(135, 11, 'arancione', 808430),
(136, 18, 'nero', 207600),
(137, 18, 'rosa', 944410),
(138, 13, 'arancione', 999100),
(139, 9, 'rossa', 595713),
(140, 18, 'arancione', 668141),
(141, 10, 'rossa', 849113),
(142, 16, 'rosa', 668141),
(143, 9, 'grigia', 757318),
(144, 13, 'giallo', 595713),
(145, 12, 'verde', 687438),
(146, 16, 'rossa', 209826),
(147, 9, 'rossa', 574865),
(148, 17, 'grigia', 170147),
(149, 10, 'verde', 599818),
(150, 3, 'rosa', 999100),
(151, 4, 'verde', 928749),
(152, 2, 'grigia', 550905),
(153, 9, 'arancione', 997257),
(154, 7, 'grigia', 857610),
(155, 11, 'rosa', 209826),
(156, 7, 'verde', 963027),
(157, 5, 'giallo', 759925),
(158, 5, 'verde', 965649),
(159, 4, 'blu', 550905),
(160, 14, 'bianca', 143204),
(161, 13, 'bianca', 865126),
(162, 17, 'giallo', 992375),
(163, 8, 'rossa', 965649),
(164, 7, 'giallo', 759791),
(165, 17, 'bianca', 155572),
(166, 12, 'grigia', 687438),
(167, 13, 'rosa', 209826),
(168, 10, 'bianca', 809661),
(169, 19, 'bianca', 320289),
(170, 4, 'bianca', 956326),
(171, 7, 'verde', 851409),
(172, 10, 'verde', 687438),
(173, 17, 'grigia', 992375),
(174, 9, 'giallo', 852836),
(175, 16, 'blu', 687438),
(176, 17, 'blu', 595713),
(177, 2, 'bianca', 928749),
(178, 15, 'rosa', 170147),
(179, 6, 'arancione', 668141),
(180, 5, 'grigia', 155572),
(181, 15, 'blu', 965649),
(182, 6, 'bianca', 170147),
(183, 16, 'nero', 354903),
(184, 5, 'rosa', 757318),
(185, 16, 'rosa', 270138),
(186, 9, 'grigia', 594866),
(187, 10, 'bianca', 599818),
(188, 4, 'verde', 234912),
(189, 18, 'giallo', 320289),
(190, 9, 'rosa', 759791),
(191, 14, 'verde', 207600),
(192, 14, 'nero', 963027),
(193, 17, 'nero', 992375),
(194, 15, 'rossa', 754495),
(195, 9, 'giallo', 687438),
(196, 6, 'blu', 209826),
(197, 6, 'rossa', 992375),
(198, 15, 'arancione', 595713),
(199, 11, 'rossa', 234912),
(200, 3, 'rosa', 965649),
(201, 10, 'bianca', 928749),
(202, 5, 'grigia', 906613),
(203, 13, 'arancione', 341442),
(204, 11, 'arancione', 134370),
(205, 9, 'bianca', 859817),
(206, 13, 'rossa', 808430),
(207, 3, 'rossa', 566818),
(208, 3, 'arancione', 999100),
(209, 4, 'nero', 134370),
(210, 19, 'rosa', 234912),
(211, 6, 'rossa', 754495),
(212, 8, 'nero', 859817),
(213, 20, 'rosa', 857610),
(214, 14, 'blu', 528689),
(215, 5, 'grigia', 999100),
(216, 6, 'arancione', 594866),
(217, 20, 'rossa', 444387),
(218, 20, 'grigia', 170147),
(219, 10, 'arancione', 134370),
(220, 13, 'giallo', 928749),
(221, 10, 'arancione', 234912),
(222, 20, 'grigia', 857610),
(223, 16, 'rosa', 965649),
(224, 12, 'nero', 170147),
(225, 4, 'bianca', 852836),
(226, 4, 'giallo', 809661),
(227, 19, 'grigia', 354903),
(228, 3, 'verde', 808430),
(229, 14, 'rosa', 550905),
(230, 3, 'grigia', 143204),
(231, 10, 'arancione', 209826),
(232, 9, 'bianca', 993477),
(233, 2, 'rosa', 906613),
(234, 14, 'blu', 993477),
(235, 15, 'verde', 209826),
(236, 7, 'verde', 928749),
(237, 9, 'arancione', 687438),
(238, 19, 'giallo', 865126),
(239, 8, 'blu', 922478),
(240, 16, 'bianca', 944410),
(241, 15, 'rossa', 857610),
(242, 6, 'verde', 155572),
(243, 6, 'arancione', 956326),
(244, 2, 'giallo', 993477),
(245, 9, 'blu', 759791),
(246, 9, 'rosa', 852836),
(247, 3, 'arancione', 963027),
(248, 11, 'rosa', 893535),
(249, 13, 'nero', 341442),
(250, 8, 'giallo', 320289),
(251, 5, 'blu', 594866),
(252, 20, 'rossa', 170147),
(253, 11, 'bianca', 594866),
(254, 15, 'giallo', 759791),
(255, 13, 'verde', 817527),
(256, 4, 'verde', 599818),
(257, 2, 'bianca', 320289),
(258, 16, 'nero', 922478),
(259, 19, 'rossa', 759925),
(260, 2, 'rosa', 354903),
(261, 19, 'bianca', 963027),
(262, 4, 'arancione', 594866),
(263, 11, 'nero', 143204),
(264, 13, 'rossa', 270138),
(265, 3, 'rosa', 999100),
(266, 4, 'bianca', 893535),
(267, 2, 'giallo', 963027),
(268, 10, 'verde', 668141),
(269, 3, 'rossa', 956326),
(270, 17, 'rossa', 857610),
(271, 4, 'blu', 207600),
(272, 17, 'rosa', 234912),
(273, 12, 'rossa', 853886),
(274, 16, 'rosa', 143204),
(275, 15, 'arancione', 865126),
(276, 13, 'rossa', 849113),
(277, 9, 'arancione', 209826),
(278, 13, 'rosa', 857610),
(279, 8, 'blu', 992375),
(280, 2, 'verde', 992375),
(281, 16, 'rosa', 617402),
(282, 5, 'rosa', 754495),
(283, 17, 'rossa', 956326),
(284, 12, 'giallo', 438956),
(285, 10, 'nero', 759791),
(286, 9, 'blu', 963027),
(287, 12, 'grigia', 668141),
(288, 8, 'blu', 859817),
(289, 4, 'rossa', 594866),
(290, 9, 'giallo', 757318),
(291, 10, 'arancione', 444387),
(292, 18, 'giallo', 234912),
(293, 17, 'verde', 851409),
(294, 14, 'verde', 134370),
(295, 12, 'verde', 444387),
(296, 10, 'verde', 997257),
(297, 14, 'rosa', 134370),
(298, 2, 'giallo', 143204),
(299, 2, 'rossa', 270138),
(300, 6, 'grigia', 209826),
(301, 2, 'rosa', 963027),
(302, 6, 'rosa', 759925),
(303, 19, 'arancione', 270138),
(304, 20, 'rosa', 234912),
(305, 4, 'nero', 566818),
(306, 5, 'verde', 754495),
(307, 2, 'grigia', 849113),
(308, 8, 'bianca', 759925),
(309, 20, 'arancione', 594866),
(310, 20, 'grigia', 809661),
(311, 3, 'bianca', 668141),
(312, 4, 'rosa', 594866),
(313, 13, 'arancione', 134370),
(314, 5, 'giallo', 993477),
(315, 2, 'nero', 594866),
(316, 17, 'giallo', 354903),
(317, 4, 'rosa', 852836),
(318, 5, 'blu', 759791),
(319, 18, 'giallo', 595713),
(320, 18, 'rossa', 566818),
(321, 15, 'arancione', 281137),
(322, 14, 'bianca', 992375),
(323, 17, 'grigia', 320289),
(324, 15, 'blu', 922478),
(325, 7, 'bianca', 849113),
(326, 5, 'blu', 209826),
(327, 14, 'bianca', 595713),
(328, 13, 'rossa', 965649),
(329, 19, 'verde', 852836),
(330, 13, 'verde', 928749),
(331, 2, 'rosa', 809661),
(332, 7, 'giallo', 999100),
(333, 14, 'nero', 906613),
(334, 11, 'bianca', 270138),
(335, 10, 'arancione', 687438),
(336, 7, 'arancione', 944410),
(337, 5, 'blu', 444387),
(338, 3, 'bianca', 944410),
(339, 15, 'grigia', 906613),
(340, 20, 'bianca', 528689),
(341, 11, 'rosa', 997257),
(342, 11, 'bianca', 170147),
(343, 20, 'giallo', 922478),
(344, 14, 'nero', 270138),
(345, 15, 'giallo', 857610),
(346, 20, 'blu', 893535),
(347, 9, 'rossa', 234912),
(348, 18, 'giallo', 209826),
(349, 4, 'arancione', 852836),
(350, 16, 'verde', 341442),
(351, 18, 'grigia', 341442),
(352, 10, 'grigia', 170147),
(353, 10, 'grigia', 438956),
(354, 14, 'grigia', 209826),
(355, 15, 'bianca', 997257),
(356, 8, 'bianca', 857610),
(357, 19, 'blu', 956326),
(358, 2, 'giallo', 965649),
(359, 7, 'nero', 281137),
(360, 8, 'verde', 857610),
(361, 16, 'rossa', 281137),
(362, 8, 'rosa', 595713),
(363, 14, 'verde', 857610),
(364, 7, 'giallo', 851409),
(365, 10, 'verde', 857610),
(366, 12, 'verde', 893535),
(367, 18, 'blu', 808430),
(368, 9, 'bianca', 143204),
(369, 19, 'nero', 944410),
(370, 19, 'arancione', 853886),
(371, 11, 'arancione', 754495),
(372, 9, 'bianca', 270138),
(373, 19, 'grigia', 759791),
(374, 20, 'arancione', 757318),
(375, 13, 'rossa', 574865),
(376, 6, 'rosa', 134370),
(377, 10, 'verde', 234912),
(378, 4, 'nero', 574865),
(379, 8, 'arancione', 574865),
(380, 5, 'grigia', 817527),
(381, 3, 'arancione', 550905),
(382, 4, 'bianca', 594866),
(383, 8, 'nero', 574865),
(384, 5, 'bianca', 906613),
(385, 6, 'giallo', 754495),
(386, 7, 'bianca', 341442),
(387, 10, 'arancione', 893535),
(388, 3, 'bianca', 993477),
(389, 13, 'nero', 859817),
(390, 13, 'grigia', 809661),
(391, 18, 'bianca', 209826),
(392, 16, 'verde', 992375),
(393, 10, 'rosa', 851409),
(394, 2, 'grigia', 595713),
(395, 20, 'rossa', 852836),
(396, 5, 'arancione', 859817),
(397, 17, 'bianca', 354903),
(398, 9, 'grigia', 859817),
(399, 20, 'arancione', 550905),
(400, 19, 'arancione', 817527),
(401, 7, 'grigia', 817527),
(402, 20, 'verde', 759925),
(403, 6, 'verde', 759925),
(404, 9, 'arancione', 754495),
(405, 5, 'bianca', 594866),
(406, 6, 'arancione', 808430),
(407, 14, 'blu', 857610),
(408, 5, 'blu', 550905),
(409, 9, 'verde', 754495),
(410, 3, 'rossa', 143204),
(411, 20, 'arancione', 922478),
(412, 19, 'rosa', 852836),
(413, 15, 'arancione', 566818),
(414, 10, 'rosa', 808430),
(415, 6, 'nero', 963027),
(416, 2, 'bianca', 906613),
(417, 12, 'grigia', 155572),
(418, 17, 'rosa', 354903),
(419, 14, 'arancione', 997257),
(420, 8, 'bianca', 170147),
(421, 6, 'rossa', 320289),
(422, 10, 'bianca', 687438),
(423, 20, 'arancione', 993477),
(424, 3, 'verde', 207600),
(425, 19, 'nero', 956326),
(426, 12, 'giallo', 956326),
(427, 2, 'grigia', 999100),
(428, 2, 'verde', 893535),
(429, 12, 'blu', 574865),
(430, 9, 'rossa', 341442),
(431, 14, 'verde', 759791),
(432, 18, 'rossa', 209826),
(433, 18, 'bianca', 906613),
(434, 11, 'arancione', 853886),
(435, 12, 'rossa', 270138),
(436, 10, 'verde', 668141),
(437, 2, 'rosa', 207600),
(438, 9, 'giallo', 341442),
(439, 2, 'nero', 759791),
(440, 12, 'bianca', 341442),
(441, 4, 'verde', 143204),
(442, 11, 'bianca', 207600),
(443, 6, 'nero', 944410),
(444, 16, 'giallo', 759791),
(445, 18, 'bianca', 944410),
(446, 16, 'rosa', 528689),
(447, 16, 'bianca', 853886),
(448, 16, 'giallo', 341442),
(449, 3, 'rossa', 859817),
(450, 6, 'blu', 438956),
(451, 3, 'rossa', 341442),
(452, 8, 'rossa', 759925),
(453, 9, 'blu', 993477),
(454, 19, 'bianca', 444387),
(455, 7, 'rossa', 143204),
(456, 20, 'giallo', 759791),
(457, 7, 'blu', 270138),
(458, 5, 'arancione', 668141),
(459, 12, 'verde', 817527),
(460, 7, 'grigia', 993477),
(461, 4, 'grigia', 852836),
(462, 6, 'giallo', 281137),
(463, 18, 'nero', 906613),
(464, 4, 'verde', 852836),
(465, 8, 'verde', 320289),
(466, 14, 'blu', 759791),
(467, 15, 'blu', 808430),
(468, 10, 'rosa', 893535),
(469, 2, 'rossa', 944410),
(470, 5, 'verde', 134370),
(471, 5, 'arancione', 893535),
(472, 14, 'giallo', 320289),
(473, 9, 'verde', 853886),
(474, 5, 'arancione', 550905),
(475, 18, 'giallo', 594866),
(476, 19, 'verde', 759791),
(477, 13, 'grigia', 155572),
(478, 12, 'blu', 754495),
(479, 18, 'giallo', 170147),
(480, 4, 'rosa', 354903),
(481, 12, 'rossa', 754495),
(482, 9, 'rosa', 759791),
(483, 17, 'giallo', 155572),
(484, 20, 'giallo', 281137),
(485, 5, 'arancione', 134370),
(486, 3, 'nero', 759925),
(487, 7, 'giallo', 170147),
(488, 9, 'arancione', 993477),
(489, 3, 'verde', 817527),
(490, 17, 'verde', 341442),
(491, 11, 'grigia', 956326),
(492, 6, 'giallo', 906613),
(493, 10, 'grigia', 754495),
(494, 16, 'rossa', 944410),
(495, 4, 'arancione', 759925),
(496, 18, 'blu', 865126),
(497, 10, 'giallo', 808430),
(498, 13, 'rossa', 234912),
(499, 18, 'blu', 759791),
(500, 5, 'rosa', 859817);


insert into Prenota(Ora,DataP, NumeroTavolo, Mail_Cliente) values
('14:00', '2019-12-24', 38, 'francesca.bruno@libero.it'),
('14:00', '2019-12-23', 38, 'francesca.bruno@libero.it'),
('14:00', '2019-12-21', 309, 'francesca.bruno@libero.it'),
('22:15', '2020-12-03', 404, 'ambra.villa@gmail.com'),
('20:45', '2017-06-01', 405, 'anita.moretti@gmail.com'),
('18:00', '2017-01-11', 417, 'daniel.marino@hotmail.com'),
('15:30', '2018-09-22', 452, 'miriam.gallo@gmail.com'),
('17:00', '2020-01-27', 313, 'anita.fratelli@gmail.com'),
('11:45', '2019-08-06', 225, 'nathan.franco@hotmail.com'),
('22:30', '2019-11-18', 78, 'carlotta.rinaldi@hotmail.com'),
('18:00', '2018-09-17', 410, 'nina.leone@hotmail.com'),
('19:15', '2019-12-15', 417, 'luca.romano@libero.it'),
('08:15', '2021-03-19', 130, 'jacopo.barbieri@libero.it'),
('16:30', '2017-05-05', 416, 'amelia.fontana@libero.it'),
('05:00', '2019-11-03', 470, 'luca.russo@libero.it'),
('02:00', '2020-07-05', 313, 'marta.marino@gmail.com'),
('15:45', '2019-10-12', 277, 'jacopo.barbieri@libero.it'),
('02:45', '2021-10-05', 31, 'daniel.marino@hotmail.com'),
('22:45', '2018-11-15', 494, 'elia.conti@hotmail.com'),
('14:30', '2018-11-09', 73, 'luca.russo@libero.it'),
('21:45', '2018-09-21', 450, 'ettore.caruso@hotmail.com'),
('05:45', '2020-01-17', 218, 'asia.bruno@hotmail.com'),
('09:30', '2020-10-20', 286, 'asia.bruno@hotmail.com'),
('00:45', '2019-06-13', 390, 'asia.bruno@hotmail.com'),
('07:15', '2016-12-16', 125, 'anita.fratelli@gmail.com'),
('12:30', '2020-02-10', 197, 'marco.russo@gmail.com'),
('08:15', '2022-02-24', 179, 'luca.russo@libero.it'),
('09:30', '2017-05-23', 63, 'thomas.esposito@libero.it'),
('05:30', '2019-12-28', 326, 'cecilia.ferrara@libero.it'),
('16:00', '2019-10-12', 436, 'liam.fontana@hotmail.com'),
('16:45', '2016-12-25', 174, 'marta.marino@gmail.com'),
('09:15', '2022-04-29', 51, 'alessio.caruso@hotmail.com'),
('12:30', '2021-04-20', 209, 'marta.marino@gmail.com'),
('18:15', '2020-06-02', 96, 'nathan.barbieri@gmail.com'),
('12:30', '2021-04-30', 31, 'elia.conti@hotmail.com'),
('11:45', '2021-10-04', 452, 'alessia.rinaldi@libero.it'),
('13:30', '2020-10-20', 460, 'nicola.giordano@hotmail.com'),
('06:15', '2016-09-19', 477, 'anita.moretti@gmail.com'),
('07:45', '2016-12-29', 433, 'marta.marino@gmail.com'),
('13:15', '2019-11-10', 358, 'jacopo.barbieri@libero.it'),
('12:15', '2021-01-14', 110, 'gioia.gallo@hotmail.com'),
('09:30', '2017-07-14', 305, 'damiano.rossi@libero.it'),
('22:30', '2017-07-27', 46, 'giorgio.franco@libero.it'),
('22:00', '2020-04-25', 88, 'anita.martino@libero.it'),
('00:30', '2019-01-24', 151, 'miriam.gallo@gmail.com'),
('00:30', '2020-06-02', 184, 'luigi.esposito@hotmail.com'),
('01:30', '2021-11-22', 206, 'diana.franco@hotmail.com'),
('23:15', '2019-04-30', 232, 'gioia.gallo@hotmail.com'),
('23:00', '2020-02-24', 127, 'elia.conti@hotmail.com'),
('22:15', '2019-12-02', 346, 'nina.leone@hotmail.com'),
('14:15', '2017-01-27', 325, 'ambra.franco@libero.it'),
('02:00', '2020-05-02', 484, 'noah.villa@hotmail.com'),
('17:45', '2017-10-12', 379, 'ambra.villa@gmail.com'),
('04:30', '2019-08-24', 395, 'liam.fontana@hotmail.com'),
('03:45', '2017-01-17', 483, 'alessio.caruso@hotmail.com'),
('21:30', '2021-05-23', 449, 'michele.mancini@libero.it'),
('19:30', '2021-10-02', 162, 'nicola.giordano@hotmail.com'),
('15:45', '2020-08-02', 49, 'carlotta.rinaldi@hotmail.com'),
('04:15', '2021-01-08', 211, 'amelia.fontana@libero.it'),
('01:15', '2019-09-26', 404, 'amelia.fontana@libero.it'),
('19:45', '2018-08-01', 269, 'anita.martino@libero.it'),
('16:30', '2017-12-23', 430, 'francesca.rizzo@hotmail.com'),
('15:00', '2018-09-08', 174, 'luigi.esposito@hotmail.com'),
('05:15', '2019-06-24', 433, 'luca.russo@libero.it'),
('01:45', '2020-12-10', 192, 'diana.villa@gmail.com'),
('11:15', '2020-03-06', 280, 'ambra.villa@hotmail.com'),
('19:30', '2019-02-04', 380, 'marta.marino@gmail.com'),
('05:15', '2020-10-06', 428, 'alessia.rinaldi@libero.it'),
('23:30', '2021-10-16', 145, 'diletta.amato@hotmail.com'),
('17:30', '2018-05-21', 169, 'anita.moretti@gmail.com'),
('19:00', '2020-12-09', 121, 'ambra.villa@gmail.com'),
('16:00', '2018-05-03', 339, 'alessio.caruso@hotmail.com'),
('21:45', '2019-02-13', 436, 'ettore.caruso@hotmail.com'),
('12:15', '2017-11-15', 189, 'manuel.conti@hotmail.com'),
('18:15', '2022-08-26', 458, 'amelia.fontana@libero.it'),
('01:45', '2020-05-29', 202, 'diana.villa@gmail.com'),
('14:15', '2021-07-24', 267, 'giorgio.franco@libero.it'),
('03:00', '2021-01-28', 67, 'maria.ricci@libero.it'),
('15:00', '2016-06-07', 474, 'elena.ferrara@gmail.com'),
('13:30', '2020-02-23', 342, 'thomas.franco@hotmail.com'),
('19:30', '2019-09-01', 153, 'miriam.gallo@gmail.com'),
('20:30', '2016-07-15', 114, 'nina.leone@hotmail.com'),
('10:30', '2018-07-26', 82, 'alessia.villa@libero.it'),
('12:15', '2019-10-20', 421, 'diletta.amato@hotmail.com'),
('01:45', '2020-12-26', 482, 'diana.franco@hotmail.com'),
('09:00', '2019-09-30', 102, 'miriam.gallo@gmail.com'),
('16:45', '2018-03-06', 38, 'ettore.caruso@hotmail.com'),
('12:45', '2020-12-26', 117, 'jacopo.barbieri@libero.it'),
('10:00', '2020-11-09', 452, 'manuel.conti@hotmail.com'),
('23:45', '2018-09-07', 46, 'gioia.gallo@hotmail.com'),
('16:15', '2019-08-22', 363, 'anita.martino@libero.it'),
('06:30', '2019-12-26', 48, 'anita.moretti@gmail.com'),
('04:15', '2020-08-11', 308, 'diana.franco@hotmail.com'),
('05:30', '2019-09-04', 327, 'marta.marino@gmail.com'),
('06:45', '2019-04-15', 334, 'margherita.conti@gmail.com'),
('04:15', '2018-10-20', 467, 'luigi.mariani@libero.it'),
('10:45', '2020-04-10', 350, 'anita.moretti@gmail.com'),
('18:45', '2017-09-24', 135, 'damiano.rossi@libero.it'),
('00:30', '2019-09-05', 213, 'margherita.conti@gmail.com'),
('14:30', '2021-05-01', 93, 'gioia.gallo@hotmail.com'),
('14:15', '2021-10-29', 166, 'ambra.franco@libero.it'),
('07:30', '2019-12-06', 129, 'daniel.marino@hotmail.com');


insert into Ordinazione(IdOrdinazione,OraOrdinazione, DataOrdinazione, Mail_Cliente,Cuoco) values

(1, '14:00', '2019-12-21', 'francesca.bruno@libero.it', 747704),
(2, '22:15', '2020-12-03', 'ambra.villa@gmail.com', 422047),
(3, '20:45', '2017-06-01', 'anita.moretti@gmail.com', 799377),
(4, '18:00', '2017-01-11', 'daniel.marino@hotmail.com', 209713),
(5, '15:30', '2018-09-22', 'miriam.gallo@gmail.com', 116864),
(6, '17:00', '2020-01-27', 'anita.fratelli@gmail.com', 180811),
(7, '11:45', '2019-08-06', 'nathan.franco@hotmail.com', 116864),
(8, '22:30', '2019-11-18', 'carlotta.rinaldi@hotmail.com', 657146),
(9, '18:00', '2018-09-17', 'nina.leone@hotmail.com', 778837),
(10, '19:15', '2019-12-15', 'luca.romano@libero.it', 512951),
(11, '08:15', '2021-03-19', 'jacopo.barbieri@libero.it', 257567),
(12, '16:30', '2017-05-05', 'amelia.fontana@libero.it', 255348),
(13, '05:00', '2019-11-03', 'luca.russo@libero.it', 909700),
(14, '02:00', '2020-07-05', 'marta.marino@gmail.com', 132366),
(15, '15:45', '2019-10-12', 'jacopo.barbieri@libero.it', 657146),
(16, '02:45', '2021-10-05', 'daniel.marino@hotmail.com', 116864),
(17, '22:45', '2018-11-15', 'elia.conti@hotmail.com', 251670),
(18, '14:30', '2018-11-09', 'luca.russo@libero.it', 612664),
(19, '21:45', '2018-09-21', 'ettore.caruso@hotmail.com', 502650),
(20, '05:45', '2020-01-17', 'asia.bruno@hotmail.com', 422047),
(21, '09:30', '2020-10-20', 'asia.bruno@hotmail.com', 263691),
(22, '00:45', '2019-06-13', 'asia.bruno@hotmail.com', 496038),
(23, '07:15', '2016-12-16', 'anita.fratelli@gmail.com', 180811),
(24, '12:30', '2020-02-10', 'marco.russo@gmail.com', 426189),
(25, '08:15', '2022-02-24', 'luca.russo@libero.it', 935000),
(26, '09:30', '2017-05-23', 'thomas.esposito@libero.it', 153362),
(27, '05:30', '2019-12-28', 'cecilia.ferrara@libero.it', 519828),
(28, '16:00', '2019-10-12', 'liam.fontana@hotmail.com', 422047),
(29, '16:45', '2016-12-25', 'marta.marino@gmail.com', 117471),
(30, '09:15', '2022-04-29', 'alessio.caruso@hotmail.com', 281631),
(31, '12:30', '2021-04-20', 'marta.marino@gmail.com', 598983),
(32, '18:15', '2020-06-02', 'nathan.barbieri@gmail.com', 935000),
(33, '12:30', '2021-04-30', 'elia.conti@hotmail.com', 255348),
(34, '11:45', '2021-10-04', 'alessia.rinaldi@libero.it', 542541),
(35, '13:30', '2020-10-20', 'nicola.giordano@hotmail.com', 683217),
(36, '06:15', '2016-09-19', 'anita.moretti@gmail.com', 747704),
(37, '07:45', '2016-12-29', 'marta.marino@gmail.com', 263691),
(38, '13:15', '2019-11-10', 'jacopo.barbieri@libero.it', 330511),
(39, '12:15', '2021-01-14', 'gioia.gallo@hotmail.com', 263691),
(40, '09:30', '2017-07-14', 'damiano.rossi@libero.it', 257567),
(41, '22:30', '2017-07-27', 'giorgio.franco@libero.it', 799377),
(42, '22:00', '2020-04-25', 'anita.martino@libero.it', 330511),
(43, '00:30', '2019-01-24', 'miriam.gallo@gmail.com', 496038),
(44, '00:30', '2020-06-02', 'luigi.esposito@hotmail.com', 244945),
(45, '01:30', '2021-11-22', 'diana.franco@hotmail.com', 712187),
(46, '23:15', '2019-04-30', 'gioia.gallo@hotmail.com', 422047),
(47, '23:00', '2020-02-24', 'elia.conti@hotmail.com', 519828),
(48, '22:15', '2019-12-02', 'nina.leone@hotmail.com', 209713),
(49, '14:15', '2017-01-27', 'ambra.franco@libero.it', 180811),
(50, '02:00', '2020-05-02', 'noah.villa@hotmail.com', 679996),
(51, '17:45', '2017-10-12', 'ambra.villa@gmail.com', 757956),
(52, '04:30', '2019-08-24', 'liam.fontana@hotmail.com', 116864),
(53, '03:45', '2017-01-17', 'alessio.caruso@hotmail.com', 180811),
(54, '21:30', '2021-05-23', 'michele.mancini@libero.it', 757956),
(55, '19:30', '2021-10-02', 'nicola.giordano@hotmail.com', 330511),
(56, '15:45', '2020-08-02', 'carlotta.rinaldi@hotmail.com', 209713),
(57, '04:15', '2021-01-08', 'amelia.fontana@libero.it', 244945),
(58, '01:15', '2019-09-26', 'amelia.fontana@libero.it', 964901),
(59, '19:45', '2018-08-01', 'anita.martino@libero.it', 310509),
(60, '16:30', '2017-12-23', 'francesca.rizzo@hotmail.com', 417960),
(61, '15:00', '2018-09-08', 'luigi.esposito@hotmail.com', 257567),
(62, '05:15', '2019-06-24', 'luca.russo@libero.it', 496038),
(63, '01:45', '2020-12-10', 'diana.villa@gmail.com', 833706),
(64, '11:15', '2020-03-06', 'ambra.villa@hotmail.com', 153362),
(65, '19:30', '2019-02-04', 'marta.marino@gmail.com', 209713),
(66, '05:15', '2020-10-06', 'alessia.rinaldi@libero.it', 417960),
(67, '23:30', '2021-10-16', 'diletta.amato@hotmail.com', 778837),
(68, '17:30', '2018-05-21', 'anita.moretti@gmail.com', 612664),
(69, '19:00', '2020-12-09', 'ambra.villa@gmail.com', 542541),
(70, '16:00', '2018-05-03', 'alessio.caruso@hotmail.com', 542541),
(71, '21:45', '2019-02-13', 'ettore.caruso@hotmail.com', 996539),
(72, '12:15', '2017-11-15', 'manuel.conti@hotmail.com', 257567),
(73, '18:15', '2022-08-26', 'amelia.fontana@libero.it', 683217),
(74, '01:45', '2020-05-29', 'diana.villa@gmail.com', 919477),
(75, '14:15', '2021-07-24', 'giorgio.franco@libero.it', 909700),
(76, '03:00', '2021-01-28', 'maria.ricci@libero.it', 747704),
(77, '15:00', '2016-06-07', 'elena.ferrara@gmail.com', 251670),
(78, '13:30', '2020-02-23', 'thomas.franco@hotmail.com', 281631),
(79, '19:30', '2019-09-01', 'miriam.gallo@gmail.com', 251670),
(80, '20:30', '2016-07-15', 'nina.leone@hotmail.com', 712187),
(81, '10:30', '2018-07-26', 'alessia.villa@libero.it', 778837),
(82, '12:15', '2019-10-20', 'diletta.amato@hotmail.com', 257567),
(83, '01:45', '2020-12-26', 'diana.franco@hotmail.com', 748162),
(84, '09:00', '2019-09-30', 'miriam.gallo@gmail.com', 751144),
(85, '16:45', '2018-03-06', 'ettore.caruso@hotmail.com', 657146),
(86, '12:45', '2020-12-26', 'jacopo.barbieri@libero.it', 683217),
(87, '10:00', '2020-11-09', 'manuel.conti@hotmail.com', 234987),
(88, '23:45', '2018-09-07', 'gioia.gallo@hotmail.com', 281631),
(89, '16:15', '2019-08-22', 'anita.martino@libero.it', 833706),
(90, '06:30', '2019-12-26', 'anita.moretti@gmail.com', 751144),
(91, '04:15', '2020-08-11', 'diana.franco@hotmail.com', 132366),
(92, '05:30', '2019-09-04', 'marta.marino@gmail.com', 757956),
(93, '06:45', '2019-04-15', 'margherita.conti@gmail.com', 134524),
(94, '04:15', '2018-10-20', 'luigi.mariani@libero.it', 234987),
(95, '10:45', '2020-04-10', 'anita.moretti@gmail.com', 757956),
(96, '18:45', '2017-09-24', 'damiano.rossi@libero.it', 542541),
(97, '00:30', '2019-09-05', 'margherita.conti@gmail.com', 610737),
(98, '14:30', '2021-05-01', 'gioia.gallo@hotmail.com', 281631),
(99, '14:15', '2021-10-29', 'ambra.franco@libero.it', 426189),
(100, '07:30', '2019-12-06', 'daniel.marino@hotmail.com', 683217),
(101, '11:00', '2019-12-23', 'ettore.caruso@hotmail.com', 255348),
(102, '15:45', '2020-06-09', 'ambra.villa@hotmail.com', 209713),
(103, '20:15', '2018-02-22', 'elia.conti@hotmail.com', 330511),
(104, '12:00', '2019-01-20', 'luigi.esposito@hotmail.com', 757956),
(105, '06:45', '2019-02-11', 'marta.marino@gmail.com', 330511),
(106, '05:00', '2020-05-24', 'michele.mancini@libero.it', 426189),
(107, '13:00', '2022-12-01', 'luca.russo@libero.it', 778837),
(108, '21:45', '2018-06-11', 'cecilia.ferrara@libero.it', 310935),
(109, '12:30', '2020-11-22', 'liam.fontana@hotmail.com', 612664),
(110, '08:00', '2019-11-27', 'luca.romano@libero.it', 964901),
(111, '17:45', '2019-06-07', 'luigi.mariani@libero.it', 257567),
(112, '02:45', '2020-10-04', 'daniele.moretti@hotmail.com', 330511),
(113, '07:45', '2020-09-09', 'luca.russo@libero.it', 251670),
(114, '22:30', '2018-03-30', 'thomas.esposito@libero.it', 180811),
(115, '11:30', '2022-09-22', 'francesca.bruno@libero.it', 828852),
(116, '01:00', '2019-02-01', 'maria.ricci@libero.it', 657146),
(117, '07:45', '2020-04-28', 'ambra.villa@gmail.com', 919477),
(118, '17:00', '2018-03-31', 'amelia.fontana@libero.it', 263691),
(119, '11:30', '2021-05-16', 'cecilia.ferrara@libero.it', 244945),
(120, '14:00', '2020-10-24', 'elena.ferrara@gmail.com', 281631),
(121, '23:00', '2020-09-30', 'nathan.barbieri@gmail.com', 909700),
(122, '07:00', '2019-03-13', 'francesca.rizzo@hotmail.com', 422047),
(123, '22:45', '2021-01-02', 'asia.villa@libero.it', 747704),
(124, '01:00', '2021-08-25', 'maria.ricci@libero.it', 610737),
(125, '06:30', '2022-10-28', 'cecilia.ferrara@libero.it', 751144),
(126, '12:15', '2020-04-12', 'francesca.bruno@libero.it', 134524),
(127, '09:45', '2020-02-13', 'luigi.esposito@hotmail.com', 411971),
(128, '13:15', '2020-04-12', 'daniele.moretti@hotmail.com', 180811),
(129, '20:00', '2019-04-15', 'liam.fontana@hotmail.com', 935000),
(130, '21:45', '2020-08-04', 'nicola.giordano@hotmail.com', 180811),
(131, '03:15', '2018-06-30', 'thomas.esposito@libero.it', 244945),
(132, '16:45', '2020-10-12', 'francesca.rizzo@hotmail.com', 310509),
(133, '03:15', '2019-11-24', 'asia.villa@libero.it', 679996),
(134, '02:45', '2019-03-20', 'margherita.conti@gmail.com', 426189),
(135, '11:00', '2018-05-20', 'elia.conti@hotmail.com', 310509),
(136, '08:15', '2018-06-15', 'daniele.moretti@hotmail.com', 426189),
(137, '17:15', '2020-11-27', 'nathan.franco@hotmail.com', 132366),
(138, '15:30', '2020-02-14', 'asia.bruno@hotmail.com', 422047),
(139, '10:30', '2018-07-10', 'margherita.conti@gmail.com', 512951),
(140, '05:45', '2018-06-22', 'carlotta.rinaldi@hotmail.com', 234987),
(141, '11:00', '2019-02-05', 'giorgio.franco@libero.it', 833706),
(142, '09:00', '2020-01-06', 'elia.conti@hotmail.com', 263691),
(143, '11:00', '2020-01-02', 'daniel.marino@hotmail.com', 996539),
(144, '20:45', '2015-12-04', 'luigi.leone@gmail.com', 935000),
(145, '23:30', '2015-09-03', 'amelia.fontana@libero.it', 117471),
(146, '21:15', '2018-03-05', 'elia.conti@hotmail.com', 310935),
(147, '15:30', '2018-02-02', 'diana.franco@hotmail.com', 496038),
(148, '18:15', '2022-12-05', 'luca.russo@libero.it', 828852),
(149, '13:45', '2020-12-12', 'luigi.mariani@libero.it', 153362),
(150, '22:45', '2017-04-15', 'ambra.villa@hotmail.com', 748162),
(151, '15:30', '2020-01-29', 'jacopo.barbieri@libero.it', 426189),
(152, '01:45', '2018-12-22', 'marta.marino@gmail.com', 964901),
(153, '21:45', '2022-11-24', 'daniel.marino@hotmail.com', 996539),
(154, '04:00', '2019-01-24', 'carlotta.rinaldi@hotmail.com', 153362),
(155, '16:00', '2018-05-30', 'luca.romano@libero.it', 310509),
(156, '19:00', '2021-07-20', 'alessio.caruso@hotmail.com', 234987),
(157, '20:45', '2020-12-30', 'elia.conti@hotmail.com', 411971),
(158, '17:00', '2019-09-02', 'nina.leone@hotmail.com', 996539),
(159, '14:30', '2020-11-29', 'daniele.moretti@hotmail.com', 757956),
(160, '11:00', '2021-07-18', 'alessia.rinaldi@libero.it', 512951),
(161, '07:30', '2022-08-26', 'anita.fratelli@gmail.com', 679996),
(162, '02:45', '2018-01-01', 'luca.moretti@hotmail.com', 935000),
(163, '20:15', '2021-09-13', 'gioia.gallo@hotmail.com', 519828),
(164, '14:00', '2021-10-02', 'carlotta.rinaldi@hotmail.com', 426189),
(165, '17:45', '2019-10-11', 'anita.moretti@gmail.com', 757956),
(166, '17:00', '2019-02-20', 'luca.romano@libero.it', 919477),
(167, '06:15', '2019-04-18', 'marta.marino@gmail.com', 964901),
(168, '09:30', '2019-09-06', 'carlotta.rinaldi@hotmail.com', 683217),
(169, '08:15', '2021-06-12', 'miriam.gallo@gmail.com', 417960),
(170, '15:15', '2017-10-08', 'nathan.barbieri@gmail.com', 519828),
(171, '18:45', '2020-12-02', 'ambra.villa@hotmail.com', 310509),
(172, '16:15', '2020-08-16', 'ambra.franco@libero.it', 747704),
(173, '12:30', '2019-02-10', 'marco.russo@gmail.com', 828852),
(174, '17:00', '2018-11-05', 'jacopo.barbieri@libero.it', 778837),
(175, '12:15', '2017-05-27', 'francesca.rizzo@hotmail.com', 679996),
(176, '07:00', '2021-10-09', 'anita.martino@libero.it', 496038),
(177, '19:45', '2020-04-28', 'ambra.villa@hotmail.com', 799377),
(178, '23:15', '2020-11-01', 'damiano.rossi@libero.it', 964901),
(179, '07:00', '2021-06-22', 'daniel.marino@hotmail.com', 712187),
(180, '13:45', '2021-07-01', 'daniele.moretti@hotmail.com', 310509),
(181, '22:00', '2018-03-21', 'gioia.gallo@hotmail.com', 209713),
(182, '07:45', '2021-12-12', 'marta.marino@gmail.com', 751144),
(183, '17:00', '2021-01-31', 'ambra.villa@gmail.com', 610737),
(184, '08:30', '2020-03-26', 'luca.romano@libero.it', 919477),
(185, '16:00', '2020-06-13', 'thomas.franco@hotmail.com', 310509),
(186, '06:15', '2018-08-31', 'noah.villa@hotmail.com', 909700),
(187, '06:30', '2021-03-31', 'luca.romano@libero.it', 310509),
(188, '22:30', '2019-04-19', 'diana.villa@gmail.com', 828852),
(189, '08:15', '2017-01-30', 'noah.villa@hotmail.com', 828852),
(190, '12:15', '2019-03-15', 'anita.moretti@gmail.com', 496038),
(191, '02:45', '2020-08-07', 'anita.fratelli@gmail.com', 116864),
(192, '01:15', '2017-03-30', 'noah.villa@hotmail.com', 462956),
(193, '01:30', '2020-09-09', 'alessio.caruso@hotmail.com', 116864),
(194, '14:00', '2019-12-20', 'diana.franco@hotmail.com', 657146),
(195, '14:45', '2021-02-25', 'ambra.franco@libero.it', 417960),
(196, '22:30', '2017-06-23', 'cecilia.ferrara@libero.it', 747704),
(197, '13:00', '2022-10-01', 'elia.conti@hotmail.com', 310509),
(198, '09:15', '2020-04-25', 'elena.ferrara@gmail.com', 542541),
(199, '19:30', '2021-06-05', 'luigi.esposito@hotmail.com', 153362),
(200, '09:45', '2021-10-28', 'elena.ferrara@gmail.com', 828852),
(201, '10:30', '2018-07-20', 'asia.villa@libero.it', 964901),
(202, '01:30', '2018-07-24', 'thomas.franco@hotmail.com', 828852),
(203, '07:15', '2020-02-18', 'daniel.marino@hotmail.com', 462956),
(204, '11:45', '2020-02-14', 'michele.mancini@libero.it', 747704),
(205, '02:15', '2020-12-30', 'asia.bruno@hotmail.com', 462956),
(206, '23:30', '2019-01-15', 'nina.leone@hotmail.com', 422047),
(207, '07:00', '2018-08-09', 'ettore.caruso@hotmail.com', 496038),
(208, '11:45', '2019-12-01', 'anita.fratelli@gmail.com', 778837),
(209, '02:30', '2018-04-25', 'ambra.villa@hotmail.com', 964901),
(210, '01:00', '2020-08-24', 'luca.moretti@hotmail.com', 310935),
(211, '01:00', '2019-05-21', 'luca.russo@libero.it', 426189),
(212, '15:45', '2017-06-05', 'alessia.rinaldi@libero.it', 748162),
(213, '17:30', '2018-01-10', 'luca.russo@libero.it', 712187),
(214, '02:00', '2019-11-14', 'aurora.amato@hotmail.com', 747704),
(215, '09:30', '2019-09-21', 'anita.fratelli@gmail.com', 422047),
(216, '07:15', '2020-10-05', 'aurora.amato@hotmail.com', 117471),
(217, '02:15', '2020-03-18', 'nathan.barbieri@gmail.com', 610737),
(218, '07:00', '2020-09-15', 'amelia.fontana@libero.it', 411971),
(219, '23:45', '2018-07-28', 'ettore.caruso@hotmail.com', 712187),
(220, '14:15', '2017-06-25', 'amelia.fontana@libero.it', 612664),
(221, '10:15', '2020-08-18', 'luigi.leone@gmail.com', 411971),
(222, '06:00', '2020-12-05', 'luca.russo@libero.it', 430270),
(223, '00:30', '2020-09-18', 'alessia.rinaldi@libero.it', 411971),
(224, '18:45', '2017-01-11', 'diana.franco@hotmail.com', 251670),
(225, '12:15', '2018-09-07', 'aurora.amato@hotmail.com', 919477),
(226, '02:30', '2020-11-19', 'daniel.marino@hotmail.com', 679996),
(227, '05:45', '2019-11-17', 'alessio.caruso@hotmail.com', 828852),
(228, '16:15', '2020-03-29', 'luca.moretti@hotmail.com', 657146),
(229, '09:15', '2020-04-23', 'luigi.mariani@libero.it', 996539),
(230, '06:15', '2018-08-09', 'luca.romano@libero.it', 799377),
(231, '21:45', '2020-10-15', 'luigi.esposito@hotmail.com', 612664),
(232, '03:45', '2018-02-04', 'aurora.amato@hotmail.com', 683217),
(233, '02:45', '2020-03-31', 'asia.bruno@hotmail.com', 833706),
(234, '03:15', '2017-03-15', 'michele.mancini@libero.it', 462956),
(235, '07:45', '2020-10-01', 'ambra.villa@gmail.com', 134524),
(236, '22:15', '2017-11-21', 'margherita.conti@gmail.com', 117471),
(237, '06:30', '2019-12-08', 'diana.villa@gmail.com', 234987),
(238, '17:00', '2018-02-05', 'miriam.gallo@gmail.com', 683217),
(239, '08:15', '2017-11-26', 'ettore.caruso@hotmail.com', 411971),
(240, '04:45', '2020-01-20', 'manuel.conti@hotmail.com', 116864),
(241, '03:15', '2018-10-15', 'asia.bruno@hotmail.com', 712187),
(242, '05:45', '2021-05-21', 'anita.moretti@gmail.com', 257567),
(243, '11:45', '2018-09-29', 'giorgio.franco@libero.it', 512951),
(244, '06:45', '2020-06-07', 'miriam.gallo@gmail.com', 512951),
(245, '22:15', '2020-07-01', 'anita.moretti@gmail.com', 116864),
(246, '22:15', '2018-10-07', 'luca.russo@libero.it', 833706),
(247, '14:00', '2018-06-16', 'thomas.esposito@libero.it', 251670),
(248, '07:15', '2017-01-18', 'alessia.villa@libero.it', 422047),
(249, '15:00', '2019-05-27', 'cecilia.ferrara@libero.it', 330511),
(250, '04:15', '2019-08-28', 'anita.moretti@gmail.com', 255348),
(251, '17:30', '2020-02-01', 'damiano.rossi@libero.it', 257567),
(252, '07:15', '2018-08-30', 'luca.moretti@hotmail.com', 657146),
(253, '11:00', '2018-12-12', 'luigi.leone@gmail.com', 683217),
(254, '21:30', '2019-04-07', 'maria.ricci@libero.it', 330511),
(255, '10:45', '2019-05-30', 'anita.martino@libero.it', 227297),
(256, '09:00', '2013-01-09', 'thomas.esposito@libero.it', 430270),
(257, '06:15', '2013-11-23', 'marta.marino@gmail.com', 657146),
(258, '18:30', '2020-02-19', 'ambra.franco@libero.it', 257567),
(259, '14:15', '2020-10-19', 'thomas.franco@hotmail.com', 411971),
(260, '14:00', '2012-04-04', 'alessia.villa@libero.it', 310509),
(261, '01:15', '2011-07-05', 'miriam.gallo@gmail.com', 986206),
(262, '10:15', '2012-04-22', 'liam.fontana@hotmail.com', 244945),
(263, '13:15', '2013-07-30', 'gioia.gallo@hotmail.com', 134524),
(264, '19:00', '2011-01-24', 'miriam.gallo@gmail.com', 426189),
(265, '00:45', '2019-11-02', 'asia.villa@libero.it', 496038),
(266, '09:00', '2020-12-12', 'ambra.villa@gmail.com', 180811),
(267, '04:45', '2020-07-23', 'amelia.fontana@libero.it', 116864),
(268, '22:45', '2012-04-09', 'marta.marino@gmail.com', 310509),
(269, '20:15', '2013-09-18', 'ambra.franco@libero.it', 748162),
(270, '12:30', '2020-02-14', 'alessio.caruso@hotmail.com', 227297),
(271, '10:00', '2012-10-18', 'giorgio.franco@libero.it', 833706),
(272, '03:30', '2019-09-27', 'ambra.villa@gmail.com', 117471),
(273, '01:15', '2020-12-08', 'maria.ricci@libero.it', 712187),
(274, '05:30', '2020-12-03', 'luca.moretti@hotmail.com', 411971),
(275, '23:30', '2021-01-15', 'jacopo.barbieri@libero.it', 610737),
(276, '13:00', '2013-09-13', 'noah.villa@hotmail.com', 234987),
(277, '09:30', '2020-12-16', 'asia.villa@libero.it', 519828),
(278, '18:45', '2020-02-20', 'alessio.caruso@hotmail.com', 411971),
(279, '10:45', '2019-11-03', 'alessia.villa@libero.it', 417960),
(280, '14:00', '2020-04-18', 'luca.romano@libero.it', 757956),
(281, '17:00', '2013-07-30', 'giorgio.franco@libero.it', 542541),
(282, '18:30', '2011-12-03', 'marta.marino@gmail.com', 657146),
(283, '22:30', '2011-01-14', 'anita.fratelli@gmail.com', 263691),
(284, '21:15', '2020-04-10', 'luigi.esposito@hotmail.com', 234987),
(285, '05:45', '2021-06-18', 'diletta.amato@hotmail.com', 996539),
(286, '23:45', '2011-11-10', 'michele.mancini@libero.it', 935000),
(287, '23:45', '2011-09-24', 'amelia.fontana@libero.it', 417960),
(288, '05:15', '2011-04-13', 'michele.mancini@libero.it', 747704),
(289, '22:45', '2022-03-26', 'luca.russo@libero.it', 657146),
(290, '13:30', '2018-10-29', 'asia.bruno@hotmail.com', 263691),
(291, '16:15', '2018-10-20', 'luigi.leone@gmail.com', 496038),
(292, '00:00', '2020-02-03', 'margherita.conti@gmail.com', 757956),
(293, '23:45', '2020-01-14', 'carlotta.rinaldi@hotmail.com', 751144),
(294, '19:00', '2020-03-09', 'thomas.esposito@libero.it', 542541),
(295, '06:00', '2010-04-02', 'michele.mancini@libero.it', 134524),
(296, '18:00', '2011-01-15', 'daniele.moretti@hotmail.com', 712187),
(297, '01:15', '2010-05-02', 'marta.marino@gmail.com', 909700),
(298, '16:30', '2010-02-14', 'anita.fratelli@gmail.com', 116864),
(299, '17:15', '2021-10-17', 'amelia.fontana@libero.it', 747704),
(300, '04:30', '2020-05-09', 'diana.villa@gmail.com', 281631),
(301, '23:15', '2018-04-07', 'nathan.franco@hotmail.com', 153362),
(302, '09:45', '2020-07-23', 'nathan.franco@hotmail.com', 426189),
(303, '09:15', '2018-03-05', 'daniel.marino@hotmail.com', 512951),
(304, '13:45', '2019-11-03', 'liam.fontana@hotmail.com', 426189),
(305, '20:00', '2019-11-20', 'luca.russo@libero.it', 748162),
(306, '06:30', '2020-11-02', 'nicola.giordano@hotmail.com', 909700),
(307, '15:30', '2021-11-29', 'diana.franco@hotmail.com', 964901),
(308, '19:45', '2019-09-30', 'manuel.conti@hotmail.com', 986206),
(309, '00:00', '2021-10-11', 'cecilia.ferrara@libero.it', 153362),
(310, '21:00', '2019-02-23', 'maria.ricci@libero.it', 462956),
(311, '22:15', '2019-10-27', 'maria.ricci@libero.it', 748162),
(312, '11:00', '2020-01-20', 'daniele.moretti@hotmail.com', 244945),
(313, '08:00', '2022-12-14', 'anita.martino@libero.it', 828852),
(314, '20:00', '2020-04-11', 'diana.villa@gmail.com', 610737),
(315, '03:45', '2013-01-29', 'marta.marino@gmail.com', 422047),
(316, '04:30', '2021-03-14', 'cecilia.ferrara@libero.it', 828852),
(317, '10:15', '2020-08-12', 'luca.russo@libero.it', 281631),
(318, '13:15', '2021-02-21', 'francesca.rizzo@hotmail.com', 411971),
(319, '23:45', '2015-04-11', 'luigi.esposito@hotmail.com', 180811),
(320, '03:15', '2012-08-08', 'cecilia.ferrara@libero.it', 251670),
(321, '04:00', '2017-01-01', 'liam.fontana@hotmail.com', 310935),
(322, '17:45', '2010-09-28', 'ambra.villa@gmail.com', 612664),
(323, '22:00', '2021-05-26', 'amelia.fontana@libero.it', 496038),
(324, '14:00', '2017-12-20', 'luca.moretti@hotmail.com', 757956),
(325, '03:45', '2010-08-09', 'margherita.conti@gmail.com', 153362),
(326, '06:15', '2016-09-28', 'diletta.amato@hotmail.com', 153362),
(327, '04:00', '2021-01-27', 'ettore.caruso@hotmail.com', 747704),
(328, '11:00', '2010-07-15', 'giorgio.franco@libero.it', 512951),
(329, '03:30', '2010-08-22', 'jacopo.barbieri@libero.it', 180811),
(330, '16:45', '2015-03-20', 'alessio.caruso@hotmail.com', 422047),
(331, '00:15', '2010-02-09', 'diana.villa@gmail.com', 257567),
(332, '17:45', '2018-08-04', 'alessia.rinaldi@libero.it', 462956),
(333, '18:00', '2010-02-20', 'francesca.bruno@libero.it', 257567),
(334, '00:30', '2010-02-16', 'damiano.rossi@libero.it', 310509),
(335, '23:00', '2016-01-25', 'luca.moretti@hotmail.com', 426189),
(336, '05:15', '2011-04-01', 'luigi.mariani@libero.it', 209713),
(337, '03:30', '2011-07-30', 'asia.bruno@hotmail.com', 751144),
(338, '12:15', '2010-11-12', 'amelia.fontana@libero.it', 244945),
(339, '12:30', '2021-03-21', 'luca.romano@libero.it', 935000),
(340, '18:00', '2020-01-14', 'carlotta.rinaldi@hotmail.com', 683217),
(341, '16:15', '2015-05-13', 'ambra.villa@hotmail.com', 422047),
(342, '00:45', '2010-12-05', 'nathan.barbieri@gmail.com', 683217),
(343, '00:45', '2010-02-28', 'carlotta.rinaldi@hotmail.com', 833706),
(344, '07:45', '2010-02-06', 'luigi.leone@gmail.com', 234987),
(345, '04:30', '2020-08-04', 'francesca.rizzo@hotmail.com', 227297),
(346, '21:30', '2021-06-10', 'luca.moretti@hotmail.com', 422047),
(347, '15:30', '2022-10-08', 'manuel.conti@hotmail.com', 180811),
(348, '21:15', '2022-08-28', 'amelia.fontana@libero.it', 227297),
(349, '07:45', '2020-06-16', 'asia.villa@libero.it', 519828),
(350, '01:30', '2020-04-04', 'marta.marino@gmail.com', 833706),
(351, '05:00', '2020-02-04', 'margherita.conti@gmail.com', 996539),
(352, '23:15', '2019-07-21', 'diletta.amato@hotmail.com', 180811),
(353, '22:00', '2020-03-05', 'ambra.villa@gmail.com', 542541),
(354, '03:00', '2021-12-24', 'michele.mancini@libero.it', 683217),
(355, '04:30', '2018-02-24', 'gioia.gallo@hotmail.com', 833706),
(356, '15:30', '2019-09-22', 'nina.leone@hotmail.com', 116864),
(357, '19:30', '2022-11-20', 'ambra.villa@gmail.com', 244945),
(358, '15:45', '2019-07-29', 'nathan.franco@hotmail.com', 757956),
(359, '23:30', '2020-08-13', 'thomas.franco@hotmail.com', 757956),
(360, '05:30', '2020-06-25', 'marco.russo@gmail.com', 209713),
(361, '01:30', '2021-08-02', 'cecilia.ferrara@libero.it', 255348),
(362, '13:00', '2020-04-05', 'anita.martino@libero.it', 919477),
(363, '21:15', '2018-11-30', 'nathan.franco@hotmail.com', 417960),
(364, '22:45', '2021-01-27', 'ambra.villa@gmail.com', 778837),
(365, '04:30', '2019-08-15', 'anita.martino@libero.it', 935000),
(366, '19:30', '2020-12-07', 'francesca.rizzo@hotmail.com', 132366),
(367, '17:45', '2018-08-14', 'thomas.franco@hotmail.com', 512951),
(368, '07:00', '2019-05-06', 'ambra.villa@gmail.com', 598983),
(369, '17:45', '2022-07-29', 'daniele.moretti@hotmail.com', 612664),
(370, '10:30', '2017-12-08', 'elia.conti@hotmail.com', 657146),
(371, '19:15', '2019-10-15', 'alessio.caruso@hotmail.com', 234987),
(372, '12:15', '2020-01-04', 'ambra.villa@gmail.com', 153362),
(373, '22:00', '2017-04-22', 'giorgio.franco@libero.it', 430270),
(374, '04:00', '2020-03-16', 'luca.romano@libero.it', 257567),
(375, '18:00', '2018-03-20', 'nicola.giordano@hotmail.com', 117471),
(376, '20:30', '2019-08-18', 'daniel.marino@hotmail.com', 712187),
(377, '10:30', '2019-12-04', 'thomas.esposito@libero.it', 310935),
(378, '18:30', '2018-09-21', 'ambra.villa@hotmail.com', 833706),
(379, '19:45', '2020-06-13', 'ambra.villa@hotmail.com', 909700),
(380, '04:45', '2019-05-31', 'francesca.bruno@libero.it', 919477),
(381, '14:30', '2019-08-13', 'nina.leone@hotmail.com', 986206),
(382, '02:30', '2021-12-29', 'damiano.rossi@libero.it', 227297),
(383, '01:00', '2018-07-31', 'luca.russo@libero.it', 778837),
(384, '13:00', '2019-02-06', 'jacopo.barbieri@libero.it', 263691),
(385, '07:00', '2020-08-01', 'nathan.barbieri@gmail.com', 153362),
(386, '20:15', '2020-08-04', 'luca.russo@libero.it', 281631),
(387, '13:30', '2017-11-01', 'nicola.giordano@hotmail.com', 227297),
(388, '21:15', '2017-10-19', 'noah.villa@hotmail.com', 330511),
(389, '10:00', '2018-09-11', 'ambra.villa@gmail.com', 610737),
(390, '00:00', '2020-08-25', 'anita.martino@libero.it', 833706),
(391, '23:45', '2019-04-26', 'damiano.rossi@libero.it', 116864),
(392, '05:15', '2020-02-15', 'asia.villa@libero.it', 679996),
(393, '13:15', '2018-01-27', 'thomas.franco@hotmail.com', 462956),
(394, '17:45', '2019-02-11', 'miriam.gallo@gmail.com', 263691),
(395, '18:00', '2019-09-21', 'luca.russo@libero.it', 462956),
(396, '02:45', '2019-06-10', 'alessio.caruso@hotmail.com', 542541),
(397, '15:00', '2021-01-04', 'luca.russo@libero.it', 919477),
(398, '19:30', '2020-12-22', 'alessia.villa@libero.it', 244945),
(399, '22:00', '2020-12-17', 'carlotta.rinaldi@hotmail.com', 747704),
(400, '22:45', '2020-04-20', 'anita.fratelli@gmail.com', 153362),
(401, '06:30', '2020-01-21', 'ambra.villa@hotmail.com', 935000),
(402, '18:45', '2018-06-16', 'marta.marino@gmail.com', 251670),
(403, '09:45', '2020-04-28', 'asia.bruno@hotmail.com', 462956),
(404, '10:15', '2020-10-15', 'luigi.esposito@hotmail.com', 828852),
(405, '13:00', '2021-01-02', 'alessia.villa@libero.it', 426189),
(406, '09:45', '2019-06-09', 'carlotta.rinaldi@hotmail.com', 996539),
(407, '06:45', '2020-11-05', 'luigi.mariani@libero.it', 610737),
(408, '08:45', '2017-07-31', 'nina.leone@hotmail.com', 310509),
(409, '20:30', '2018-01-20', 'cecilia.ferrara@libero.it', 227297),
(410, '18:45', '2019-03-26', 'marta.marino@gmail.com', 964901),
(411, '05:45', '2020-05-21', 'daniele.moretti@hotmail.com', 251670),
(412, '23:00', '2018-12-10', 'ambra.villa@hotmail.com', 244945),
(413, '10:15', '2021-03-05', 'francesca.rizzo@hotmail.com', 964901),
(414, '16:15', '2019-08-05', 'jacopo.barbieri@libero.it', 519828),
(415, '11:00', '2018-03-28', 'anita.martino@libero.it', 542541),
(416, '04:45', '2021-09-01', 'miriam.gallo@gmail.com', 751144),
(417, '09:45', '2018-01-22', 'luca.russo@libero.it', 748162),
(418, '07:30', '2020-03-10', 'diana.franco@hotmail.com', 986206),
(419, '18:45', '2019-03-25', 'francesca.bruno@libero.it', 778837),
(420, '05:30', '2018-03-23', 'elia.conti@hotmail.com', 679996),
(421, '22:00', '2018-09-12', 'nicola.giordano@hotmail.com', 422047),
(422, '14:15', '2019-03-27', 'nicola.giordano@hotmail.com', 330511),
(423, '20:15', '2018-02-23', 'anita.moretti@gmail.com', 257567),
(424, '05:15', '2020-04-30', 'margherita.conti@gmail.com', 598983),
(425, '15:45', '2020-07-03', 'alessia.rinaldi@libero.it', 502650),
(426, '00:45', '2017-12-11', 'marta.marino@gmail.com', 263691),
(427, '16:15', '2019-03-26', 'gioia.gallo@hotmail.com', 986206),
(428, '18:00', '2020-01-09', 'jacopo.barbieri@libero.it', 257567),
(429, '05:15', '2018-09-04', 'aurora.amato@hotmail.com', 227297),
(430, '18:15', '2018-06-24', 'thomas.esposito@libero.it', 778837),
(431, '12:30', '2019-01-14', 'anita.fratelli@gmail.com', 244945),
(432, '00:00', '2021-05-08', 'daniel.marino@hotmail.com', 117471),
(433, '03:30', '2020-08-30', 'elia.conti@hotmail.com', 257567),
(434, '23:30', '2018-10-01', 'luca.romano@libero.it', 679996),
(435, '10:45', '2020-02-04', 'alessio.caruso@hotmail.com', 610737),
(436, '17:00', '2020-05-17', 'luca.moretti@hotmail.com', 657146),
(437, '02:15', '2021-04-11', 'nathan.barbieri@gmail.com', 751144),
(438, '18:45', '2020-10-20', 'diletta.amato@hotmail.com', 610737),
(439, '13:15', '2020-07-24', 'ambra.villa@hotmail.com', 417960),
(440, '04:15', '2018-03-22', 'francesca.bruno@libero.it', 251670),
(441, '10:45', '2020-07-14', 'alessia.rinaldi@libero.it', 748162),
(442, '19:45', '2019-04-30', 'anita.fratelli@gmail.com', 919477),
(443, '00:45', '2020-03-15', 'elena.ferrara@gmail.com', 417960),
(444, '05:45', '2018-05-12', 'cecilia.ferrara@libero.it', 117471),
(445, '16:15', '2019-11-09', 'asia.villa@libero.it', 598983),
(446, '09:45', '2018-04-05', 'diana.villa@gmail.com', 712187),
(447, '22:45', '2019-07-30', 'alessio.caruso@hotmail.com', 251670),
(448, '06:15', '2021-06-16', 'marta.marino@gmail.com', 799377),
(449, '15:45', '2018-01-07', 'francesca.rizzo@hotmail.com', 209713),
(450, '15:30', '2019-09-13', 'nathan.barbieri@gmail.com', 935000),
(451, '20:45', '2020-03-18', 'daniele.moretti@hotmail.com', 234987),
(452, '22:30', '2019-05-25', 'aurora.amato@hotmail.com', 153362),
(453, '20:45', '2022-11-21', 'francesca.rizzo@hotmail.com', 828852),
(454, '20:00', '2019-11-06', 'daniele.moretti@hotmail.com', 310935),
(455, '22:15', '2019-05-30', 'nathan.franco@hotmail.com', 257567),
(456, '03:30', '2019-07-01', 'gioia.gallo@hotmail.com', 310935),
(457, '07:15', '2022-02-07', 'giorgio.franco@libero.it', 117471),
(458, '18:30', '2020-02-13', 'luca.moretti@hotmail.com', 417960),
(459, '23:15', '2020-08-19', 'michele.mancini@libero.it', 134524),
(460, '11:45', '2019-01-21', 'giorgio.franco@libero.it', 257567),
(461, '23:00', '2021-12-28', 'francesca.bruno@libero.it', 180811),
(462, '14:00', '2020-08-01', 'damiano.rossi@libero.it', 422047),
(463, '19:15', '2020-10-20', 'luca.russo@libero.it', 134524),
(464, '07:30', '2019-02-12', 'manuel.conti@hotmail.com', 411971),
(465, '01:30', '2020-01-22', 'luca.romano@libero.it', 496038),
(466, '02:45', '2019-05-06', 'luca.russo@libero.it', 799377),
(467, '08:30', '2020-01-30', 'daniel.marino@hotmail.com', 519828),
(468, '00:45', '2020-12-14', 'luca.romano@libero.it', 330511),
(469, '00:45', '2019-11-27', 'thomas.esposito@libero.it', 234987),
(470, '23:45', '2018-12-13', 'luca.russo@libero.it', 502650),
(471, '20:00', '2020-03-08', 'luigi.leone@gmail.com', 964901),
(472, '03:45', '2021-01-23', 'marta.marino@gmail.com', 833706),
(473, '02:15', '2020-09-09', 'liam.fontana@hotmail.com', 330511),
(474, '12:00', '2019-05-10', 'luigi.esposito@hotmail.com', 778837),
(475, '09:45', '2022-10-01', 'luca.moretti@hotmail.com', 828852),
(476, '11:30', '2011-06-21', 'maria.ricci@libero.it', 502650),
(477, '15:00', '2020-02-21', 'ambra.villa@hotmail.com', 153362),
(478, '15:45', '2018-06-20', 'noah.villa@hotmail.com', 227297),
(479, '01:15', '2020-09-29', 'aurora.amato@hotmail.com', 234987),
(480, '05:30', '2019-02-16', 'luca.romano@libero.it', 234987),
(481, '21:45', '2021-05-12', 'francesca.bruno@libero.it', 430270),
(482, '08:15', '2019-05-29', 'nina.leone@hotmail.com', 244945),
(483, '06:15', '2020-01-03', 'luca.romano@libero.it', 310935),
(484, '03:15', '2020-05-23', 'maria.ricci@libero.it', 422047),
(485, '22:00', '2019-03-18', 'daniele.moretti@hotmail.com', 935000),
(486, '19:45', '2018-10-12', 'anita.moretti@gmail.com', 502650),
(487, '03:30', '2020-07-28', 'daniele.moretti@hotmail.com', 330511),
(488, '06:15', '2018-10-22', 'ambra.villa@hotmail.com', 799377),
(489, '08:00', '2021-04-02', 'ettore.caruso@hotmail.com', 512951),
(490, '03:15', '2021-01-11', 'francesca.rizzo@hotmail.com', 612664),
(491, '09:45', '2021-10-01', 'luca.russo@libero.it', 116864),
(492, '23:00', '2020-04-19', 'nina.leone@hotmail.com', 153362),
(493, '20:00', '2019-02-15', 'liam.fontana@hotmail.com', 422047),
(494, '22:15', '2022-12-24', 'anita.fratelli@gmail.com', 134524),
(495, '04:15', '2019-06-05', 'alessia.rinaldi@libero.it', 116864),
(496, '01:30', '2018-05-27', 'asia.bruno@hotmail.com', 542541),
(497, '14:15', '2019-08-24', 'luca.moretti@hotmail.com', 828852),
(498, '07:30', '2021-08-28', 'nathan.barbieri@gmail.com', 227297),
(499, '04:45', '2020-03-19', 'diletta.amato@hotmail.com', 747704),
(500, '20:00', '2018-05-27', 'thomas.esposito@libero.it', 462956),
(501, '07:30', '2020-03-08', 'diana.franco@hotmail.com', 153362),
(502, '14:15', '2019-07-14', 'francesca.rizzo@hotmail.com', 117471),
(503, '14:30', '2022-12-01', 'anita.fratelli@gmail.com', 244945),
(504, '11:00', '2018-07-15', 'gioia.gallo@hotmail.com', 512951),
(505, '18:00', '2022-12-10', 'luca.moretti@hotmail.com', 683217),
(506, '00:00', '2021-11-05', 'amelia.fontana@libero.it', 964901),
(507, '01:15', '2018-04-08', 'aurora.amato@hotmail.com', 778837),
(508, '18:00', '2021-06-28', 'diletta.amato@hotmail.com', 610737),
(509, '20:00', '2022-11-23', 'francesca.rizzo@hotmail.com', 964901),
(510, '02:45', '2018-05-17', 'elia.conti@hotmail.com', 209713),
(511, '00:15', '2021-09-16', 'francesca.bruno@libero.it', 263691),
(512, '21:15', '2018-08-10', 'elena.ferrara@gmail.com', 919477),
(513, '05:15', '2019-01-23', 'damiano.rossi@libero.it', 417960),
(514, '04:45', '2021-09-07', 'liam.fontana@hotmail.com', 748162),
(515, '18:30', '2018-08-13', 'diana.franco@hotmail.com', 227297),
(516, '10:45', '2020-12-25', 'damiano.rossi@libero.it', 263691),
(517, '01:00', '2018-08-15', 'asia.villa@libero.it', 935000),
(518, '05:15', '2019-12-24', 'nina.leone@hotmail.com', 234987),
(519, '03:30', '2020-01-29', 'luca.romano@libero.it', 330511),
(520, '00:00', '2020-04-10', 'alessio.caruso@hotmail.com', 417960),
(521, '03:30', '2020-09-07', 'diana.villa@gmail.com', 683217),
(522, '16:15', '2018-05-02', 'luca.moretti@hotmail.com', 263691),
(523, '07:30', '2019-04-11', 'miriam.gallo@gmail.com', 417960),
(524, '09:45', '2019-08-20', 'luca.romano@libero.it', 330511),
(525, '13:45', '2019-05-23', 'asia.bruno@hotmail.com', 996539),
(526, '13:30', '2021-11-19', 'nathan.barbieri@gmail.com', 519828),
(527, '11:00', '2021-06-19', 'thomas.franco@hotmail.com', 209713),
(528, '15:30', '2019-03-08', 'miriam.gallo@gmail.com', 257567),
(529, '19:00', '2019-10-23', 'liam.fontana@hotmail.com', 679996),
(530, '00:00', '2017-06-27', 'margherita.conti@gmail.com', 612664),
(531, '08:15', '2017-03-31', 'alessio.caruso@hotmail.com', 251670),
(532, '00:30', '2017-06-06', 'ambra.villa@gmail.com', 411971),
(533, '09:00', '2019-10-27', 'marta.marino@gmail.com', 255348),
(534, '12:30', '2017-03-29', 'giorgio.franco@libero.it', 462956),
(535, '03:30', '2018-07-30', 'luigi.esposito@hotmail.com', 778837),
(536, '08:00', '2019-03-28', 'luigi.mariani@libero.it', 909700),
(537, '11:00', '2018-08-23', 'luca.moretti@hotmail.com', 935000),
(538, '05:15', '2018-08-07', 'margherita.conti@gmail.com', 502650),
(539, '06:30', '2021-06-13', 'elena.ferrara@gmail.com', 417960),
(540, '02:15', '2020-06-05', 'thomas.esposito@libero.it', 919477),
(541, '18:00', '2021-08-21', 'alessia.rinaldi@libero.it', 778837),
(542, '18:30', '2019-06-06', 'ambra.villa@gmail.com', 919477),
(543, '06:15', '2019-04-28', 'thomas.franco@hotmail.com', 417960),
(544, '23:45', '2018-05-18', 'luigi.mariani@libero.it', 117471),
(545, '03:45', '2018-09-23', 'nathan.franco@hotmail.com', 234987),
(546, '16:30', '2021-03-09', 'luigi.mariani@libero.it', 996539),
(547, '08:15', '2020-11-23', 'marta.marino@gmail.com', 117471),
(548, '04:45', '2021-08-04', 'margherita.conti@gmail.com', 244945),
(549, '10:45', '2018-09-13', 'jacopo.barbieri@libero.it', 180811),
(550, '09:30', '2019-04-26', 'nathan.barbieri@gmail.com', 310935),
(551, '19:45', '2020-02-08', 'gioia.gallo@hotmail.com', 919477),
(552, '10:45', '2017-12-18', 'thomas.esposito@libero.it', 909700),
(553, '11:30', '2019-04-25', 'daniele.moretti@hotmail.com', 542541),
(554, '18:45', '2020-04-05', 'diana.franco@hotmail.com', 496038),
(555, '07:15', '2018-09-17', 'ambra.villa@hotmail.com', 502650),
(556, '09:45', '2020-06-19', 'ambra.franco@libero.it', 209713),
(557, '00:45', '2020-10-06', 'maria.ricci@libero.it', 462956),
(558, '08:45', '2017-07-21', 'ambra.villa@hotmail.com', 430270),
(559, '18:45', '2017-03-27', 'luigi.leone@gmail.com', 909700),
(560, '06:45', '2019-04-16', 'francesca.bruno@libero.it', 909700),
(561, '08:45', '2021-03-31', 'anita.martino@libero.it', 996539),
(562, '10:15', '2019-11-04', 'luca.moretti@hotmail.com', 778837),
(563, '10:45', '2019-10-13', 'ettore.caruso@hotmail.com', 180811),
(564, '02:00', '2020-11-17', 'ambra.villa@hotmail.com', 502650),
(565, '03:15', '2018-03-12', 'nicola.giordano@hotmail.com', 598983),
(566, '04:00', '2020-02-20', 'diana.franco@hotmail.com', 255348),
(567, '21:45', '2020-04-13', 'anita.fratelli@gmail.com', 153362),
(568, '16:30', '2019-05-17', 'asia.villa@libero.it', 935000),
(569, '04:30', '2018-04-29', 'amelia.fontana@libero.it', 612664),
(570, '01:30', '2021-12-08', 'margherita.conti@gmail.com', 180811),
(571, '12:15', '2017-01-18', 'ettore.caruso@hotmail.com', 799377),
(572, '08:30', '2020-04-30', 'luca.moretti@hotmail.com', 430270),
(573, '21:00', '2017-09-06', 'nicola.giordano@hotmail.com', 712187),
(574, '04:30', '2014-08-15', 'alessia.rinaldi@libero.it', 598983),
(575, '21:00', '2015-05-24', 'ambra.villa@gmail.com', 411971),
(576, '03:45', '2018-02-10', 'luca.russo@libero.it', 657146),
(577, '16:45', '2017-03-22', 'maria.ricci@libero.it', 610737),
(578, '04:15', '2020-10-25', 'diana.villa@gmail.com', 612664),
(579, '09:30', '2020-08-11', 'anita.martino@libero.it', 799377),
(580, '02:15', '2014-08-12', 'alessia.rinaldi@libero.it', 244945),
(581, '10:45', '2021-04-30', 'liam.fontana@hotmail.com', 310509),
(582, '20:30', '2021-08-03', 'cecilia.ferrara@libero.it', 244945),
(583, '23:15', '2020-02-21', 'anita.moretti@gmail.com', 417960),
(584, '14:00', '2016-02-24', 'elena.ferrara@gmail.com', 134524),
(585, '02:00', '2015-09-25', 'jacopo.barbieri@libero.it', 430270),
(586, '05:00', '2021-11-21', 'luca.russo@libero.it', 683217),
(587, '07:15', '2018-07-25', 'ettore.caruso@hotmail.com', 996539),
(588, '11:15', '2019-02-10', 'luca.romano@libero.it', 612664),
(589, '20:45', '2020-09-29', 'cecilia.ferrara@libero.it', 251670),
(590, '18:30', '2019-03-25', 'ettore.caruso@hotmail.com', 180811),
(591, '01:15', '2018-07-26', 'anita.fratelli@gmail.com', 417960),
(592, '18:45', '2020-10-27', 'anita.martino@libero.it', 935000),
(593, '05:30', '2018-06-20', 'aurora.amato@hotmail.com', 227297),
(594, '20:45', '2019-08-10', 'miriam.gallo@gmail.com', 180811),
(595, '10:30', '2019-05-22', 'francesca.bruno@libero.it', 134524),
(596, '00:15', '2018-07-22', 'liam.fontana@hotmail.com', 422047),
(597, '10:45', '2018-03-17', 'ettore.caruso@hotmail.com', 257567),
(598, '03:30', '2021-09-15', 'luigi.leone@gmail.com', 778837),
(599, '02:15', '2018-06-04', 'amelia.fontana@libero.it', 251670),
(600, '18:45', '2021-07-17', 'alessio.caruso@hotmail.com', 610737),
(601, '14:00', '2019-12-24', 'francesca.bruno@libero.it', 610737),
(602, '14:00', '2019-12-23', 'francesca.bruno@libero.it', 610737);



insert into Appartiene(NomePizza, IdOrdinazione, quantita) values
('Valtellina', 1, 1),
('Diavola', 1, 4),
('Sicilia', 2, 2),
('Carbonara', 2, 3),
('Prosciutto e mais', 2, 4),
('Sicilia', 3, 3),
('Tonno e cipolla', 3, 4),
('Margherita', 4, 2),
('Marinara', 5, 4),
('Salsiccia', 5, 3),
('Pancetta', 5, 1),
('Gamberetti', 5, 4),
('Delicata', 6, 1),
('Mais', 6, 4),
('Diavola', 7, 2),
('Funghi', 8, 2),
('Parmigiana', 9, 1),
('Demonio', 9, 3),
('Zucchine', 9, 2),
('Napoli', 10, 2),
('Mais', 10, 3),
('Sicilia', 11, 1),
('Prosciutto e mais', 12, 3),
('Pancetta', 13, 4),
('Demonio', 14, 2),
('Demonio', 15, 2),
('Asparagi', 16, 2),
('Napoli', 17, 3),
('Gorgonzola', 17, 4),
('Pugliese', 18, 3),
('Brie e speck', 19, 3),
('Pugliese', 20, 2),
('Misto mare', 21, 4),
('Napoli', 22, 2),
('Hawaiian', 23, 1),
('Hawaiian', 24, 1),
('Hawaiian', 25, 1),
('Hawaiian', 26, 1),
('Pomodorini', 27, 4),
('Wurstel e patatine', 28, 3),
('Speck', 29, 4),
('Pugliese', 30, 2),
('Hawaiian', 30, 3),
('Brie e speck', 31, 3),
('Asparagi', 31, 2),
('Brie e speck', 32, 4),
('Cracker', 33, 4),
('Radicchio', 34, 1),
('Margherita', 35, 4),
('Parmigiana', 36, 3),
('Demonio', 37, 2),
('Tonno e cipolla', 37, 4),
('Asparagi', 38, 3),
('Zucchine', 39, 3),
('Wurstel e patatine', 40, 4),
('Pugliese', 40, 2),
('Bresaola', 40, 1),
('Sicilia', 41, 3),
('Speck', 42, 1),
('Prosciutto e mais', 43, 3),
('Brie e speck', 44, 3),
('Patatosa', 45, 2),
('Viennese', 45, 3),
('Brie e speck', 46, 1),
('Ricotta e spinaci', 47, 2),
('Prosciutto e funghi', 48, 1),
('Pancetta', 49, 3),
('Salsiccia', 50, 2),
('Melanzane', 51, 3),
('Pancetta', 52, 1),
('Parmigiana', 52, 2),
('Tonno e cipolla', 53, 2),
('Tonno e cipolla', 54, 2),
('Tonno e cipolla', 55, 2),
('Radicchio', 56, 1),
('Porcini', 57, 4),
('Prosciutto e mais', 58, 1),
('Prosciutto e mais', 59, 1),
('Delicata', 60, 4),
('Cortigiana', 61, 3),
('Prosciutto e mais', 61, 3),
('Parmigiana', 61, 1),
('Porchetta', 62, 1),
('Speck', 62, 4),
('Cortigiana', 63, 3),
('Noci e gorgonzola', 63, 4),
('Prosciutto e mais', 64, 1),
('Diavola', 65, 4),
('Brie e speck', 66, 3),
('Ricotta e spinaci', 66, 3),
('Parmigiana', 67, 2),
('Cortigiana', 67, 1),
('Ricotta e spinaci', 67, 1),
('Hawaiian', 68, 1),
('Zucchine', 68, 3),
('Gamberetti', 68, 3),
('Crudo', 69, 2),
('Leggera', 69, 1),
('Crudo', 70, 2),
('Porchetta', 70, 4),
('Prosciutto e mais', 71, 1),
('Hawaiian', 71, 4),
('Melanzane', 71, 3),
('Cracker', 71, 3),
('Marinara', 72, 4),
('Marinara', 73, 2),
('Prosciutto e mais', 74, 4),
('Crudo', 75, 4),
('Capricciosa', 76, 4),
('Demonio', 76, 2),
('Carbonara', 77, 1),
('Prosciutto', 78, 1),
('Carbonara', 79, 4),
('Wurstel e patatine', 80, 4),
('Wurstel e patatine', 81, 1),
('Cracker', 82, 1),
('Cracker', 83, 1),
('Marinara', 84, 4),
('Carbonara', 85, 2),
('Bresaola', 85, 2),
('Prosciutto', 86, 2),
('Napoli', 86, 4),
('Mais', 87, 2),
('Gorgonzola', 87, 1),
('Ricotta e spinaci', 88, 2),
('Porcini', 89, 4),
('Prosciutto e funghi', 90, 4),
('Chiodini', 90, 4),
('Pomodorini', 91, 3),
('Gorgonzola', 92, 1),
('Prosciutto e funghi', 92, 1),
('Funghi', 92, 3),
('Leggera', 93, 3),
('Leggera', 94, 3),
('Delicata', 95, 1),
('Mais', 96, 1),
('Noci e gorgonzola', 96, 2),
('Tonno e cipolla', 97, 4),
('Leggera', 97, 1),
('Porcini', 98, 1),
('Prosciutto', 98, 2),
('Gorgonzola', 99, 4),
('Gorgonzola', 100, 1),
('Gorgonzola', 101, 4),
('Zucchine', 102, 2),
('Pomodorini', 103, 2),
('Radicchio', 104, 3),
('Gorgonzola', 105, 1),
('Crudo', 106, 2),
('Bresaola', 107, 4),
('Prosciutto e funghi', 108, 4),
('Porcini', 109, 4),
('Speck', 110, 3),
('Misto mare', 110, 1),
('Pomodorini', 111, 2),
('Marinara', 111, 4),
('Gorgonzola', 112, 4),
('Cracker', 113, 3),
('Funghi', 114, 4),
('Patatosa', 114, 3),
('Zucchine', 114, 3),
('Gamberetti', 115, 4),
('Marinara', 116, 2),
('Chiodini', 117, 4),
('Brie e speck', 118, 2),
('Leggera', 119, 3),
('Quattro formaggi', 119, 3),
('Contadina', 119, 2),
('Demonio', 120, 4),
('Pomodorini', 121, 2),
('Bresaola', 121, 4),
('Pancetta', 121, 4),
('Porcini', 121, 2),
('Bresaola', 122, 4),
('Bresaola', 123, 1),
('Bresaola', 124, 1),
('Prosciutto e funghi', 125, 2),
('Pancetta', 126, 2),
('Salsiccia', 127, 3),
('Margherita', 128, 3),
('Cortigiana', 129, 4),
('Ricotta e spinaci', 129, 2),
('Quattro formaggi', 130, 1),
('Tonno e cipolla', 131, 1),
('Porcini', 132, 3),
('Napoli', 133, 1),
('Mais', 134, 4),
('Patatosa', 134, 2),
('Cortigiana', 134, 4),
('Capricciosa', 135, 4),
('Margherita', 135, 1),
('Ricotta e spinaci', 135, 2),
('Wurstel e patatine', 136, 2),
('Hawaiian', 136, 3),
('Noci e gorgonzola', 137, 3),
('Pancetta', 137, 2),
('Prosciutto', 138, 4),
('Prosciutto e funghi', 139, 3),
('Misto mare', 140, 1),
('Tonno e cipolla', 140, 1),
('Mais', 141, 3),
('Salsiccia', 142, 3),
('Ricotta e spinaci', 142, 4),
('Ricotta e spinaci', 143, 4),
('Ricotta e spinaci', 144, 1),
('Margherita', 145, 4),
('Margherita', 146, 1),
('Cortigiana', 147, 2),
('Wurstel e patatine', 148, 2),
('Delicata', 149, 3),
('Melanzane', 149, 1),
('Napoli', 149, 3),
('Patatosa', 150, 4),
('Chiodini', 151, 4),
('Porcini', 151, 4),
('Hawaiian', 152, 1),
('Quattro stagioni', 153, 4),
('Capricciosa', 153, 2),
('Pugliese', 153, 2),
('Leggera', 154, 3),
('Porchetta', 155, 4),
('Parmigiana', 156, 1),
('Parmigiana', 157, 1),
('Parmigiana', 158, 1),
('Demonio', 159, 1),
('Radicchio', 160, 3),
('Cortigiana', 161, 4),
('Quattro stagioni', 162, 1),
('Leggera', 163, 3),
('Leggera', 164, 3),
('Leggera', 165, 3),
('Leggera', 166, 3),
('Leggera', 167, 3),
('Parmigiana', 168, 1),
('Brie e speck', 169, 3),
('Brie e speck', 170, 3),
('Ricotta e spinaci', 171, 1),
('Hawaiian', 172, 4),
('Bresaola', 173, 2),
('Prosciutto e mais', 173, 1),
('Zucchine', 174, 4),
('Prosciutto e mais', 174, 4),
('Prosciutto', 175, 2),
('Crudo', 175, 4),
('Radicchio', 176, 3),
('Gorgonzola', 177, 4),
('Patatosa', 177, 2),
('Quattro stagioni', 178, 4),
('Speck', 179, 1),
('Gamberetti', 180, 2),
('Margherita', 180, 3),
('Hawaiian', 181, 4),
('Misto mare', 182, 4),
('Hawaiian', 183, 1),
('Diavola', 184, 3),
('Speck', 184, 2),
('Sicilia', 184, 3),
('Bresaola', 185, 4),
('Sicilia', 186, 1),
('Asparagi', 187, 1),
('Porcini', 188, 4),
('Porchetta', 189, 4),
('Salsiccia', 190, 1),
('Leggera', 190, 3),
('Prosciutto e funghi', 190, 1),
('Viennese', 191, 3),
('Cortigiana', 192, 2),
('Patatosa', 193, 4),
('Parmigiana', 194, 3),
('Parmigiana', 195, 3),
('Funghi', 196, 2),
('Ricotta e spinaci', 197, 4),
('Ricotta e spinaci', 198, 4),
('Ricotta e spinaci', 199, 4),
('Gamberetti', 200, 4),
('Napoli', 201, 1),
('Napoli', 202, 1),
('Napoli', 203, 1),
('Demonio', 204, 3),
('Demonio', 205, 3),
('Demonio', 206, 3),
('Demonio', 207, 3),
('Gamberetti', 208, 2),
('Quattro stagioni', 208, 3),
('Salsiccia', 209, 2),
('Prosciutto', 209, 4),
('Zucchine', 210, 4),
('Margherita', 211, 4),
('Funghi', 211, 4),
('Carbonara', 212, 2),
('Demonio', 212, 2),
('Speck', 213, 4),
('Melanzane', 214, 1),
('Gorgonzola', 214, 2),
('Gorgonzola', 215, 2),
('Ricotta e spinaci', 216, 4),
('Cortigiana', 216, 4),
('Radicchio', 216, 2),
('Gamberetti', 217, 4),
('Sicilia', 217, 2),
('Gamberetti', 218, 4),
('Gamberetti', 219, 4),
('Gamberetti', 220, 4),
('Gamberetti', 221, 4),
('Gamberetti', 222, 4),
('Cracker', 223, 4),
('Leggera', 224, 3),
('Leggera', 225, 3),
('Asparagi', 226, 3),
('Demonio', 227, 1),
('Viennese', 228, 2),
('Chiodini', 229, 3),
('Tonno e cipolla', 230, 1),
('Funghi', 231, 2),
('Misto mare', 232, 3),
('Napoli', 233, 3),
('Cortigiana', 233, 3),
('Tonno e cipolla', 234, 2),
('Pancetta', 235, 1),
('Valtellina', 236, 3),
('Melanzane', 237, 4),
('Zucchine', 238, 4),
('Noci e gorgonzola', 239, 2),
('Gamberetti', 239, 2),
('Margherita', 240, 1),
('Margherita', 241, 1),
('Margherita', 242, 1),
('Cracker', 243, 4),
('Melanzane', 244, 4),
('Quattro formaggi', 244, 1),
('Prosciutto e mais', 245, 2),
('Prosciutto e mais', 246, 2),
('Prosciutto e mais', 247, 2),
('Prosciutto e mais', 248, 2),
('Radicchio', 249, 3),
('Cracker', 250, 2),
('Margherita', 251, 3),
('Asparagi', 251, 1),
('Quattro formaggi', 251, 2),
('Carbonara', 251, 2),
('Leggera', 252, 1),
('Pugliese', 253, 3),
('Pugliese', 254, 3),
('Pugliese', 255, 3),
('Pomodorini', 256, 2),
('Prosciutto e mais', 257, 1),
('Crudo', 258, 2),
('Tonno e cipolla', 259, 1),
('Porchetta', 260, 1),
('Pomodorini', 261, 4),
('Pomodorini', 262, 4),
('Quattro formaggi', 263, 3),
('Quattro formaggi', 264, 3),
('Pancetta', 265, 2),
('Brie e speck', 266, 3),
('Valtellina', 266, 1),
('Diavola', 267, 2),
('Mais', 268, 3),
('Diavola', 269, 4),
('Contadina', 269, 1),
('Mais', 270, 4),
('Demonio', 271, 1),
('Asparagi', 272, 1),
('Demonio', 272, 2),
('Sicilia', 272, 3),
('Gamberetti', 273, 1),
('Gamberetti', 274, 1),
('Speck', 275, 3),
('Marinara', 276, 2),
('Asparagi', 277, 3),
('Cortigiana', 278, 1),
('Contadina', 279, 4),
('Pancetta', 280, 3),
('Margherita', 281, 4),
('Parmigiana', 282, 4),
('Porchetta', 282, 2),
('Cracker', 282, 2),
('Gorgonzola', 283, 1),
('Gamberetti', 284, 3),
('Napoli', 284, 1),
('Viennese', 285, 2),
('Viennese', 286, 2),
('Viennese', 287, 2),
('Ricotta e spinaci', 288, 1),
('Parmigiana', 289, 2),
('Gamberetti', 289, 4),
('Napoli', 290, 2),
('Napoli', 291, 2),
('Quattro stagioni', 292, 1),
('Speck', 293, 4),
('Marinara', 293, 3),
('Chiodini', 294, 2),
('Capricciosa', 294, 1),
('Prosciutto', 295, 4),
('Mais', 296, 1),
('Margherita', 296, 1),
('Ricotta e spinaci', 297, 2),
('Napoli', 298, 2),
('Prosciutto e mais', 299, 3),
('Demonio', 300, 2),
('Bresaola', 301, 1),
('Bresaola', 302, 1),
('Bresaola', 303, 1),
('Contadina', 304, 4),
('Contadina', 305, 4),
('Contadina', 306, 4),
('Contadina', 307, 4),
('Contadina', 308, 4),
('Contadina', 309, 4),
('Crudo', 310, 4),
('Crudo', 311, 4),
('Demonio', 312, 3),
('Marinara', 313, 3),
('Quattro stagioni', 314, 3),
('Noci e gorgonzola', 315, 3),
('Napoli', 316, 2),
('Pugliese', 316, 2),
('Contadina', 317, 2),
('Porcini', 318, 1),
('Ricotta e spinaci', 318, 1),
('Parmigiana', 319, 4),
('Prosciutto', 320, 1),
('Parmigiana', 320, 2),
('Contadina', 321, 4),
('Asparagi', 322, 1),
('Asparagi', 323, 1),
('Speck', 324, 2),
('Speck', 325, 2),
('Asparagi', 326, 2),
('Asparagi', 327, 2),
('Bresaola', 328, 1),
('Gorgonzola', 329, 1),
('Wurstel e patatine', 330, 4),
('Viennese', 331, 3),
('Capricciosa', 332, 4),
('Viennese', 333, 1),
('Sicilia', 334, 3),
('Cortigiana', 335, 3),
('Valtellina', 336, 2),
('Viennese', 337, 3),
('Carbonara', 337, 4),
('Melanzane', 337, 4),
('Prosciutto', 338, 3),
('Funghi', 338, 2),
('Melanzane', 339, 3),
('Funghi', 340, 4),
('Quattro stagioni', 341, 4),
('Marinara', 342, 3),
('Quattro stagioni', 343, 4),
('Pomodorini', 344, 4),
('Demonio', 345, 1),
('Leggera', 346, 3),
('Sicilia', 347, 4),
('Wurstel e patatine', 348, 3),
('Pancetta', 348, 3),
('Napoli', 348, 2),
('Misto mare', 349, 1),
('Misto mare', 350, 1),
('Misto mare', 351, 1),
('Misto mare', 352, 1),
('Porcini', 353, 4),
('Porcini', 354, 4),
('Bresaola', 355, 4),
('Salsiccia', 356, 4),
('Porcini', 356, 3),
('Funghi', 357, 3),
('Valtellina', 357, 3),
('Chiodini', 357, 3),
('Prosciutto e funghi', 358, 1),
('Noci e gorgonzola', 359, 4),
('Diavola', 359, 2),
('Cracker', 360, 3),
('Quattro formaggi', 361, 3),
('Hawaiian', 362, 2),
('Brie e speck', 363, 2),
('Melanzane', 364, 4),
('Asparagi', 364, 1),
('Valtellina', 365, 1),
('Misto mare', 365, 1),
('Ricotta e spinaci', 366, 2),
('Chiodini', 367, 1),
('Melanzane', 368, 4),
('Marinara', 369, 3),
('Diavola', 370, 4),
('Quattro formaggi', 371, 4),
('Brie e speck', 372, 2),
('Valtellina', 372, 2),
('Porchetta', 373, 2),
('Porchetta', 374, 4),
('Misto mare', 374, 2),
('Chiodini', 375, 1),
('Quattro formaggi', 376, 4),
('Quattro formaggi', 377, 4),
('Speck', 378, 1),
('Speck', 379, 1),
('Tonno e cipolla', 380, 4),
('Mais', 381, 4),
('Viennese', 382, 4),
('Mais', 383, 1),
('Delicata', 384, 2),
('Viennese', 385, 2),
('Cracker', 386, 1),
('Misto mare', 386, 4),
('Viennese', 386, 4),
('Napoli', 387, 2),
('Napoli', 388, 2),
('Chiodini', 389, 1),
('Parmigiana', 390, 3),
('Demonio', 391, 1),
('Carbonara', 391, 4),
('Melanzane', 391, 1),
('Leggera', 392, 2),
('Quattro stagioni', 392, 2),
('Speck', 392, 3),
('Chiodini', 393, 3),
('Pancetta', 393, 2),
('Misto mare', 394, 1),
('Wurstel e patatine', 394, 4),
('Napoli', 394, 2),
('Patatosa', 395, 4),
('Sicilia', 396, 4),
('Misto mare', 396, 2),
('Radicchio', 397, 3),
('Cortigiana', 398, 3),
('Tonno e cipolla', 399, 2),
('Tonno e cipolla', 400, 2),
('Tonno e cipolla', 401, 2),
('Tonno e cipolla', 402, 2),
('Brie e speck', 403, 4),
('Tonno e cipolla', 404, 1),
('Bresaola', 404, 4),
('Valtellina', 404, 1),
('Zucchine', 405, 4),
('Quattro formaggi', 405, 1),
('Sicilia', 406, 3),
('Wurstel e patatine', 407, 4),
('Noci e gorgonzola', 408, 2),
('Melanzane', 409, 1),
('Melanzane', 410, 1),
('Radicchio', 411, 1),
('Radicchio', 412, 1),
('Radicchio', 413, 1),
('Tonno e cipolla', 414, 1),
('Sicilia', 415, 4),
('Carbonara', 416, 3),
('Gorgonzola', 417, 4),
('Radicchio', 418, 3),
('Viennese', 419, 3),
('Pugliese', 420, 3),
('Pugliese', 421, 3),
('Funghi', 422, 3),
('Patatosa', 423, 4),
('Parmigiana', 424, 4),
('Speck', 424, 2),
('Viennese', 424, 3),
('Brie e speck', 425, 1),
('Noci e gorgonzola', 426, 4),
('Speck', 427, 4),
('Funghi', 428, 4),
('Noci e gorgonzola', 429, 1),
('Brie e speck', 430, 4),
('Zucchine', 430, 3),
('Quattro formaggi', 431, 2),
('Misto mare', 431, 2),
('Marinara', 432, 4),
('Tonno e cipolla', 433, 4),
('Noci e gorgonzola', 434, 1),
('Zucchine', 435, 3),
('Gamberetti', 436, 1),
('Gamberetti', 437, 1),
('Crudo', 438, 3),
('Crudo', 439, 3),
('Crudo', 440, 3),
('Gorgonzola', 441, 3),
('Mais', 442, 3),
('Sicilia', 443, 2),
('Mais', 444, 4),
('Gorgonzola', 445, 4),
('Hawaiian', 445, 4),
('Brie e speck', 446, 1),
('Valtellina', 446, 2),
('Zucchine', 447, 1),
('Melanzane', 448, 2),
('Pancetta', 449, 4),
('Funghi', 450, 2),
('Marinara', 451, 3),
('Chiodini', 452, 2),
('Cracker', 453, 4),
('Prosciutto', 453, 1),
('Pancetta', 454, 4),
('Leggera', 455, 1),
('Pugliese', 456, 2),
('Pomodorini', 457, 2),
('Gamberetti', 458, 4),
('Quattro stagioni', 458, 3),
('Sicilia', 459, 2),
('Funghi', 459, 4),
('Quattro formaggi', 460, 2),
('Quattro stagioni', 460, 2),
('Pugliese', 461, 1),
('Capricciosa', 462, 3),
('Salsiccia', 463, 1),
('Prosciutto e mais', 464, 4),
('Misto mare', 464, 4),
('Salsiccia', 465, 3),
('Prosciutto e funghi', 466, 3),
('Napoli', 467, 4),
('Funghi', 468, 1),
('Leggera', 469, 4),
('Cracker', 470, 2),
('Viennese', 471, 3),
('Viennese', 472, 1),
('Cortigiana', 472, 4),
('Viennese', 473, 1),
('Contadina', 474, 1),
('Chiodini', 474, 3),
('Sicilia', 475, 1),
('Demonio', 476, 3),
('Prosciutto', 476, 1),
('Prosciutto', 477, 3),
('Patatosa', 478, 3),
('Napoli', 479, 3),
('Sicilia', 480, 4),
('Cortigiana', 481, 1),
('Sicilia', 482, 2),
('Bresaola', 483, 4),
('Wurstel e patatine', 484, 2),
('Margherita', 484, 1),
('Gamberetti', 485, 3),
('Porcini', 486, 1),
('Capricciosa', 487, 2),
('Ricotta e spinaci', 487, 4),
('Parmigiana', 487, 4),
('Cortigiana', 488, 2),
('Pomodorini', 489, 3),
('Contadina', 489, 2),
('Napoli', 490, 3),
('Porchetta', 491, 2),
('Prosciutto e funghi', 492, 4),
('Porchetta', 492, 3),
('Speck', 492, 3),
('Pancetta', 492, 3),
('Margherita', 493, 1),
('Delicata', 493, 1),
('Contadina', 493, 4),
('Pugliese', 494, 4),
('Tonno e cipolla', 494, 2),
('Delicata', 495, 2),
('Pancetta', 496, 4),
('Cortigiana', 496, 4),
('Marinara', 497, 2),
('Demonio', 497, 4),
('Valtellina', 497, 4),
('Tonno e cipolla', 497, 2),
('Porcini', 498, 3),
('Noci e gorgonzola', 499, 4),
('Asparagi', 499, 1),
('Pugliese', 500, 2),
('Ricotta e spinaci', 501, 3),
('Chiodini', 501, 3),
('Quattro stagioni', 502, 1),
('Asparagi', 502, 2),
('Melanzane', 502, 4),
('Speck', 503, 2),
('Tonno e cipolla', 504, 4),
('Demonio', 504, 2),
('Wurstel e patatine', 505, 3),
('Funghi', 506, 1),
('Porchetta', 507, 2),
('Gamberetti', 508, 4),
('Chiodini', 509, 3),
('Melanzane', 510, 1),
('Melanzane', 511, 1),
('Sicilia', 512, 2),
('Pancetta', 513, 1),
('Gorgonzola', 514, 1),
('Marinara', 515, 2),
('Brie e speck', 516, 3),
('Quattro stagioni', 517, 1),
('Pomodorini', 518, 1),
('Prosciutto e mais', 518, 1),
('Valtellina', 519, 2),
('Crudo', 520, 4),
('Carbonara', 521, 2),
('Radicchio', 522, 4),
('Prosciutto', 523, 3),
('Prosciutto', 524, 3),
('Contadina', 525, 3),
('Demonio', 526, 4),
('Delicata', 526, 2),
('Hawaiian', 527, 1),
('Asparagi', 528, 2),
('Zucchine', 529, 1),
('Noci e gorgonzola', 530, 3),
('Asparagi', 531, 1),
('Brie e speck', 531, 3),
('Radicchio', 532, 2),
('Hawaiian', 533, 1),
('Pugliese', 534, 2),
('Pugliese', 535, 2),
('Pugliese', 536, 2),
('Quattro stagioni', 537, 1),
('Viennese', 537, 1),
('Melanzane', 537, 4),
('Napoli', 538, 2),
('Prosciutto e mais', 539, 3),
('Funghi', 540, 3),
('Porchetta', 541, 4),
('Pugliese', 542, 2),
('Viennese', 543, 3),
('Viennese', 544, 3),
('Valtellina', 545, 3),
('Sicilia', 545, 3),
('Quattro formaggi', 545, 1),
('Brie e speck', 546, 3),
('Porchetta', 547, 2),
('Valtellina', 548, 3),
('Margherita', 549, 1),
('Gorgonzola', 550, 2),
('Gorgonzola', 551, 2),
('Demonio', 552, 1),
('Crudo', 553, 4),
('Gorgonzola', 554, 2),
('Ricotta e spinaci', 555, 2),
('Pancetta', 556, 3),
('Pomodorini', 556, 4),
('Funghi', 556, 3),
('Radicchio', 557, 3),
('Marinara', 558, 3),
('Brie e speck', 559, 3),
('Pancetta', 560, 1),
('Mais', 561, 4),
('Melanzane', 562, 1),
('Napoli', 563, 4),
('Porchetta', 564, 4),
('Leggera', 565, 3),
('Pugliese', 565, 1),
('Speck', 565, 2),
('Pancetta', 566, 4),
('Pancetta', 567, 4),
('Pancetta', 568, 4),
('Crudo', 569, 1),
('Napoli', 570, 2),
('Radicchio', 570, 1),
('Napoli', 571, 1),
('Asparagi', 571, 3),
('Funghi', 572, 3),
('Radicchio', 573, 4),
('Margherita', 574, 4),
('Noci e gorgonzola', 575, 2),
('Noci e gorgonzola', 576, 2),
('Tonno e cipolla', 577, 2),
('Gamberetti', 578, 1),
('Quattro stagioni', 579, 1),
('Sicilia', 579, 2),
('Hawaiian', 579, 1),
('Brie e speck', 579, 3),
('Quattro formaggi', 580, 1),
('Tonno e cipolla', 581, 1),
('Tonno e cipolla', 582, 1),
('Gamberetti', 583, 2),
('Cortigiana', 584, 4),
('Cortigiana', 585, 4),
('Zucchine', 586, 3),
('Wurstel e patatine', 587, 3),
('Salsiccia', 588, 4),
('Mais', 589, 2),
('Delicata', 590, 4),
('Salsiccia', 591, 3),
('Delicata', 592, 1),
('Delicata', 593, 1),
('Napoli', 594, 1),
('Pancetta', 595, 4),
('Salsiccia', 595, 4),
('Gamberetti', 596, 2),
('Prosciutto', 596, 4),
('Carbonara', 596, 4),
('Demonio', 596, 2),
('Prosciutto e funghi', 596, 1),
('Mais', 596, 4),
('Bresaola', 597, 3),
('Patatosa', 597, 4),
('Contadina', 597, 4),
('Sicilia', 598, 2),
('Marinara', 598, 3),
('Delicata', 599, 4),
('Gorgonzola', 599, 2),
('Salsiccia', 600, 3),
('Gamberetti', 600, 3),
('Porcini', 600, 3);



--Restituire il cameriere e la cameriera con il massimo numero di tavoli assegnati
--VERIFICATO

SELECT IdCameriere,Sesso, Nome, Cognome, NumeroTavoliServiti
FROM (
    SELECT Cameriere.IdCameriere, Cameriere.Nome, Cameriere.Cognome, COUNT(Tavolo.NumeroTavolo) AS NumeroTavoliServiti, 'M' AS Sesso
    FROM Cameriere
    JOIN Tavolo ON Cameriere.IdCameriere = Tavolo.Cameriere
    WHERE Cameriere.Sesso = 'M'
    GROUP BY Cameriere.IdCameriere
    UNION ALL
    SELECT Cameriere.IdCameriere, Cameriere.Nome, Cameriere.Cognome, COUNT(Tavolo.NumeroTavolo) AS NumeroTavoliServiti, 'F' AS Sesso
    FROM Cameriere
    JOIN Tavolo ON Cameriere.IdCameriere = Tavolo.Cameriere
    WHERE Cameriere.Sesso = 'F'
    GROUP BY Cameriere.IdCameriere
) AS subquery
ORDER BY NumeroTavoliServiti DESC
LIMIT 2;



-- Restituisci il nome di tutte le pizze che possono essere preparate in base agli ingredienti disponibili
--VERIFICATO

SELECT DISTINCT Pizza.NomePizza
FROM Pizza
JOIN Contiene ON Pizza.NomePizza = Contiene.NomePizza
JOIN Ingrediente ON Contiene.NomeIngrediente = Ingrediente.NomeIngrediente
WHERE Ingrediente.Disponibile = true
GROUP BY Pizza.NomePizza
HAVING COUNT(*) = (
    SELECT COUNT(*)
    FROM Contiene AS C
    WHERE C.NomePizza = Pizza.NomePizza
);



--Restituire i primi 5 clienti che hanno speso in totale piu soldi nel ristorante
--VERIFICATO

SELECT Cliente.Mail, Cliente.Nome, Cliente.Cognome, SUM(Pizza.Prezzo * Appartiene.quantita) AS TotaleSpeso
FROM Cliente
JOIN Ordinazione ON Cliente.Mail = Ordinazione.Mail_Cliente
JOIN Appartiene ON Ordinazione.IdOrdinazione = Appartiene.IdOrdinazione
JOIN Pizza ON Appartiene.NomePizza = Pizza.NomePizza
GROUP BY Cliente.Mail
ORDER BY TotaleSpeso DESC
LIMIT 5;

-- Restituire il nome, cognome e ID dei camerieri che hanno gestito pi di 5 Prenotazioni
--VERIFICATO

SELECT Cameriere.IdCameriere, Cameriere.Nome, Cameriere.Cognome, COUNT(*) as NumeroPrenotazioni
FROM Cameriere
JOIN Tavolo ON Cameriere.IdCameriere = Tavolo.Cameriere
JOIN Prenota ON Tavolo.NumeroTavolo = Prenota.NumeroTavolo
GROUP BY Cameriere.IdCameriere
HAVING COUNT(*) > 5
ORDER BY NumeroPrenotazioni ASC;


-- Trovare i cuochi che hanno preparato pi di 60 pizze
--VERIFICATO

SELECT C.IdCuoco, C.Nome, C.Cognome, SUM(A.quantita) AS NumeroPizza
FROM Cuoco C
JOIN Ordinazione O ON C.IdCuoco = O.Cuoco
JOIN Appartiene A ON O.IdOrdinazione = A.IdOrdinazione
GROUP BY C.IdCuoco
HAVING SUM(A.quantita) > 60
ORDER BY NumeroPizza DESC;


--Ottenere i 5 clienti con pi punti nella tessera
--VERIFICATO

SELECT Cliente.Mail, Cliente.Nome, Cliente.Cognome, Tessera.Punti
FROM Cliente
JOIN Tessera ON Cliente.Mail = Tessera.Cliente
ORDER BY Tessera.Punti DESC
LIMIT 5;

--Restituire gli ingredienti presenti e se sono surgelati di una determinata pizza
--VERIFICATO parametrica

SELECT Ingrediente.NomeIngrediente, 
       CASE WHEN Ingrediente.Surgelato THEN 'si' ELSE 'no' END AS Surgelato
FROM Pizza
JOIN Contiene ON Pizza.NomePizza = Contiene.NomePizza
JOIN Ingrediente ON Contiene.NomeIngrediente = Ingrediente.NomeIngrediente
WHERE Pizza.NomePizza = 'Contadina';

--Determinare il numero di clienti che hanno consumato per asporto o al ristorante
SELECT 
    CASE 
        WHEN EXISTS (
            SELECT 1
            FROM Prenota T
            WHERE O.OraOrdinazione = T.Ora AND O.DataOrdinazione = T.DataP AND O.Mail_Cliente = T.Mail_Cliente
        ) THEN 'Ristorante'
        ELSE 'Asporto'
    END AS Modalita,
    COUNT(*) AS Quantita
FROM Ordinazione O
JOIN Cliente C ON O.Mail_Cliente = C.Mail
GROUP BY Modalita;

--Mostrare il ricavo complessivo nell'anno 2022
SELECT SUM(OrdinazioneImporto.ImportoTotale) AS RicavoComplessivo
FROM (
    SELECT O.IdOrdinazione, SUM(P.Prezzo * AO.quantita) AS ImportoTotale
    FROM Ordinazione AS O
    JOIN Appartiene AS AO ON O.IdOrdinazione = AO.IdOrdinazione
    JOIN Pizza AS P ON AO.NomePizza = P.NomePizza
    WHERE EXTRACT(YEAR FROM O.DataOrdinazione) = 2022
    GROUP BY O.IdOrdinazione
) AS OrdinazioneImporto;

